Country Code,Country Name,Indicator Code,Indicator Name,Years,Indicator Values
MMR,Myanmar,AG.LND.TRAC.ZS,"Agricultural machinery, tractors per 100 sq. km of arable land",1960,
MMR,Myanmar,AG.LND.TRAC.ZS,"Agricultural machinery, tractors per 100 sq. km of arable land",1961,0.909090909
MMR,Myanmar,AG.LND.TRAC.ZS,"Agricultural machinery, tractors per 100 sq. km of arable land",1962,1.513622603
MMR,Myanmar,AG.LND.TRAC.ZS,"Agricultural machinery, tractors per 100 sq. km of arable land",1963,1.814516129
MMR,Myanmar,AG.LND.TRAC.ZS,"Agricultural machinery, tractors per 100 sq. km of arable land",1964,2.21550856
MMR,Myanmar,AG.LND.TRAC.ZS,"Agricultural machinery, tractors per 100 sq. km of arable land",1965,2.911379658
MMR,Myanmar,AG.LND.TRAC.ZS,"Agricultural machinery, tractors per 100 sq. km of arable land",1966,3.018108652
MMR,Myanmar,AG.LND.TRAC.ZS,"Agricultural machinery, tractors per 100 sq. km of arable land",1967,3.35915493
MMR,Myanmar,AG.LND.TRAC.ZS,"Agricultural machinery, tractors per 100 sq. km of arable land",1968,3.665995976
MMR,Myanmar,AG.LND.TRAC.ZS,"Agricultural machinery, tractors per 100 sq. km of arable land",1969,4.495477387
MMR,Myanmar,AG.LND.TRAC.ZS,"Agricultural machinery, tractors per 100 sq. km of arable land",1970,5.274824473
MMR,Myanmar,AG.LND.TRAC.ZS,"Agricultural machinery, tractors per 100 sq. km of arable land",1971,5.631895687
MMR,Myanmar,AG.LND.TRAC.ZS,"Agricultural machinery, tractors per 100 sq. km of arable land",1972,7.252758275
MMR,Myanmar,AG.LND.TRAC.ZS,"Agricultural machinery, tractors per 100 sq. km of arable land",1973,7.801792304
MMR,Myanmar,AG.LND.TRAC.ZS,"Agricultural machinery, tractors per 100 sq. km of arable land",1974,8.069306931
MMR,Myanmar,AG.LND.TRAC.ZS,"Agricultural machinery, tractors per 100 sq. km of arable land",1975,8.206207259
MMR,Myanmar,AG.LND.TRAC.ZS,"Agricultural machinery, tractors per 100 sq. km of arable land",1976,8.405127128
MMR,Myanmar,AG.LND.TRAC.ZS,"Agricultural machinery, tractors per 100 sq. km of arable land",1977,8.710994764
MMR,Myanmar,AG.LND.TRAC.ZS,"Agricultural machinery, tractors per 100 sq. km of arable land",1978,8.550952082
MMR,Myanmar,AG.LND.TRAC.ZS,"Agricultural machinery, tractors per 100 sq. km of arable land",1979,9.052994669
MMR,Myanmar,AG.LND.TRAC.ZS,"Agricultural machinery, tractors per 100 sq. km of arable land",1980,9.686618615
MMR,Myanmar,AG.LND.TRAC.ZS,"Agricultural machinery, tractors per 100 sq. km of arable land",1981,8.620510151
MMR,Myanmar,AG.LND.TRAC.ZS,"Agricultural machinery, tractors per 100 sq. km of arable land",1982,8.864864865
MMR,Myanmar,AG.LND.TRAC.ZS,"Agricultural machinery, tractors per 100 sq. km of arable land",1983,9.09705607
MMR,Myanmar,AG.LND.TRAC.ZS,"Agricultural machinery, tractors per 100 sq. km of arable land",1984,10.27942863
MMR,Myanmar,AG.LND.TRAC.ZS,"Agricultural machinery, tractors per 100 sq. km of arable land",1985,10.45137079
MMR,Myanmar,AG.LND.TRAC.ZS,"Agricultural machinery, tractors per 100 sq. km of arable land",1986,10.63359733
MMR,Myanmar,AG.LND.TRAC.ZS,"Agricultural machinery, tractors per 100 sq. km of arable land",1987,11.08940882
MMR,Myanmar,AG.LND.TRAC.ZS,"Agricultural machinery, tractors per 100 sq. km of arable land",1988,12.56281407
MMR,Myanmar,AG.LND.TRAC.ZS,"Agricultural machinery, tractors per 100 sq. km of arable land",1989,13.62969176
MMR,Myanmar,AG.LND.TRAC.ZS,"Agricultural machinery, tractors per 100 sq. km of arable land",1990,13.58837671
MMR,Myanmar,AG.LND.TRAC.ZS,"Agricultural machinery, tractors per 100 sq. km of arable land",1991,10.46682018
MMR,Myanmar,AG.LND.TRAC.ZS,"Agricultural machinery, tractors per 100 sq. km of arable land",1992,10.48877701
MMR,Myanmar,AG.LND.TRAC.ZS,"Agricultural machinery, tractors per 100 sq. km of arable land",1993,11.48345339
MMR,Myanmar,AG.LND.TRAC.ZS,"Agricultural machinery, tractors per 100 sq. km of arable land",1994,12.58653241
MMR,Myanmar,AG.LND.TRAC.ZS,"Agricultural machinery, tractors per 100 sq. km of arable land",1995,8.194968553
MMR,Myanmar,AG.LND.TRAC.ZS,"Agricultural machinery, tractors per 100 sq. km of arable land",1996,8.420832023
MMR,Myanmar,AG.LND.TRAC.ZS,"Agricultural machinery, tractors per 100 sq. km of arable land",1997,9.101370436
MMR,Myanmar,AG.LND.TRAC.ZS,"Agricultural machinery, tractors per 100 sq. km of arable land",1998,10.25847635
MMR,Myanmar,AG.LND.TRAC.ZS,"Agricultural machinery, tractors per 100 sq. km of arable land",1999,10.53560372
MMR,Myanmar,AG.LND.TRAC.ZS,"Agricultural machinery, tractors per 100 sq. km of arable land",2000,10.70340095
MMR,Myanmar,AG.LND.TRAC.ZS,"Agricultural machinery, tractors per 100 sq. km of arable land",2001,10.31431431
MMR,Myanmar,AG.LND.TRAC.ZS,"Agricultural machinery, tractors per 100 sq. km of arable land",2002,8.923139323
MMR,Myanmar,AG.LND.TRAC.ZS,"Agricultural machinery, tractors per 100 sq. km of arable land",2003,9.643690996
MMR,Myanmar,AG.LND.TRAC.ZS,"Agricultural machinery, tractors per 100 sq. km of arable land",2004,10.40657789
MMR,Myanmar,AG.LND.TRAC.ZS,"Agricultural machinery, tractors per 100 sq. km of arable land",2005,10.60244557
MMR,Myanmar,AG.LND.TRAC.ZS,"Agricultural machinery, tractors per 100 sq. km of arable land",2006,10.84268576
MMR,Myanmar,AG.LND.TRAC.ZS,"Agricultural machinery, tractors per 100 sq. km of arable land",2007,10.84901201
MMR,Myanmar,AG.LND.TRAC.ZS,"Agricultural machinery, tractors per 100 sq. km of arable land",2008,10.80138395
MMR,Myanmar,AG.LND.TRAC.ZS,"Agricultural machinery, tractors per 100 sq. km of arable land",2009,
MMR,Myanmar,AG.LND.TRAC.ZS,"Agricultural machinery, tractors per 100 sq. km of arable land",2010,
MMR,Myanmar,AG.LND.TRAC.ZS,"Agricultural machinery, tractors per 100 sq. km of arable land",2011,
MMR,Myanmar,AG.LND.TRAC.ZS,"Agricultural machinery, tractors per 100 sq. km of arable land",2012,
MMR,Myanmar,AG.LND.TRAC.ZS,"Agricultural machinery, tractors per 100 sq. km of arable land",2013,
MMR,Myanmar,AG.LND.TRAC.ZS,"Agricultural machinery, tractors per 100 sq. km of arable land",2014,
MMR,Myanmar,AG.LND.TRAC.ZS,"Agricultural machinery, tractors per 100 sq. km of arable land",2015,
MMR,Myanmar,AG.LND.TRAC.ZS,"Agricultural machinery, tractors per 100 sq. km of arable land",2016,
MMR,Myanmar,AG.LND.TRAC.ZS,"Agricultural machinery, tractors per 100 sq. km of arable land",2017,
MMR,Myanmar,AG.LND.TRAC.ZS,"Agricultural machinery, tractors per 100 sq. km of arable land",2018,
MMR,Myanmar,AG.LND.TRAC.ZS,"Agricultural machinery, tractors per 100 sq. km of arable land",2019,
MMR,Myanmar,AG.LND.TRAC.ZS,"Agricultural machinery, tractors per 100 sq. km of arable land",2020,
MMR,Myanmar,AG.LND.TRAC.ZS,"Agricultural machinery, tractors per 100 sq. km of arable land",2021,
MMR,Myanmar,EN.ATM.METH.AG.ZS,Agricultural methane emissions (% of total),1960,
MMR,Myanmar,EN.ATM.METH.AG.ZS,Agricultural methane emissions (% of total),1961,
MMR,Myanmar,EN.ATM.METH.AG.ZS,Agricultural methane emissions (% of total),1962,
MMR,Myanmar,EN.ATM.METH.AG.ZS,Agricultural methane emissions (% of total),1963,
MMR,Myanmar,EN.ATM.METH.AG.ZS,Agricultural methane emissions (% of total),1964,
MMR,Myanmar,EN.ATM.METH.AG.ZS,Agricultural methane emissions (% of total),1965,
MMR,Myanmar,EN.ATM.METH.AG.ZS,Agricultural methane emissions (% of total),1966,
MMR,Myanmar,EN.ATM.METH.AG.ZS,Agricultural methane emissions (% of total),1967,
MMR,Myanmar,EN.ATM.METH.AG.ZS,Agricultural methane emissions (% of total),1968,
MMR,Myanmar,EN.ATM.METH.AG.ZS,Agricultural methane emissions (% of total),1969,
MMR,Myanmar,EN.ATM.METH.AG.ZS,Agricultural methane emissions (% of total),1970,55.87311177
MMR,Myanmar,EN.ATM.METH.AG.ZS,Agricultural methane emissions (% of total),1971,73.76574166
MMR,Myanmar,EN.ATM.METH.AG.ZS,Agricultural methane emissions (% of total),1972,62.22473286
MMR,Myanmar,EN.ATM.METH.AG.ZS,Agricultural methane emissions (% of total),1973,49.75545616
MMR,Myanmar,EN.ATM.METH.AG.ZS,Agricultural methane emissions (% of total),1974,73.40399035
MMR,Myanmar,EN.ATM.METH.AG.ZS,Agricultural methane emissions (% of total),1975,73.65517201
MMR,Myanmar,EN.ATM.METH.AG.ZS,Agricultural methane emissions (% of total),1976,73.10073198
MMR,Myanmar,EN.ATM.METH.AG.ZS,Agricultural methane emissions (% of total),1977,54.81044164
MMR,Myanmar,EN.ATM.METH.AG.ZS,Agricultural methane emissions (% of total),1978,49.40072817
MMR,Myanmar,EN.ATM.METH.AG.ZS,Agricultural methane emissions (% of total),1979,53.1641366
MMR,Myanmar,EN.ATM.METH.AG.ZS,Agricultural methane emissions (% of total),1980,48.61153556
MMR,Myanmar,EN.ATM.METH.AG.ZS,Agricultural methane emissions (% of total),1981,54.6411547
MMR,Myanmar,EN.ATM.METH.AG.ZS,Agricultural methane emissions (% of total),1982,53.71800788
MMR,Myanmar,EN.ATM.METH.AG.ZS,Agricultural methane emissions (% of total),1983,34.0847938
MMR,Myanmar,EN.ATM.METH.AG.ZS,Agricultural methane emissions (% of total),1984,53.49088049
MMR,Myanmar,EN.ATM.METH.AG.ZS,Agricultural methane emissions (% of total),1985,60.80422125
MMR,Myanmar,EN.ATM.METH.AG.ZS,Agricultural methane emissions (% of total),1986,53.23618559
MMR,Myanmar,EN.ATM.METH.AG.ZS,Agricultural methane emissions (% of total),1987,42.29574638
MMR,Myanmar,EN.ATM.METH.AG.ZS,Agricultural methane emissions (% of total),1988,52.56741765
MMR,Myanmar,EN.ATM.METH.AG.ZS,Agricultural methane emissions (% of total),1989,69.08560756
MMR,Myanmar,EN.ATM.METH.AG.ZS,Agricultural methane emissions (% of total),1990,87.31938216
MMR,Myanmar,EN.ATM.METH.AG.ZS,Agricultural methane emissions (% of total),1991,86.99823277
MMR,Myanmar,EN.ATM.METH.AG.ZS,Agricultural methane emissions (% of total),1992,87.58076095
MMR,Myanmar,EN.ATM.METH.AG.ZS,Agricultural methane emissions (% of total),1993,88.00915332
MMR,Myanmar,EN.ATM.METH.AG.ZS,Agricultural methane emissions (% of total),1994,88.22088622
MMR,Myanmar,EN.ATM.METH.AG.ZS,Agricultural methane emissions (% of total),1995,88.5087153
MMR,Myanmar,EN.ATM.METH.AG.ZS,Agricultural methane emissions (% of total),1996,88.13301456
MMR,Myanmar,EN.ATM.METH.AG.ZS,Agricultural methane emissions (% of total),1997,87.59465479
MMR,Myanmar,EN.ATM.METH.AG.ZS,Agricultural methane emissions (% of total),1998,87.54659066
MMR,Myanmar,EN.ATM.METH.AG.ZS,Agricultural methane emissions (% of total),1999,88.2197355
MMR,Myanmar,EN.ATM.METH.AG.ZS,Agricultural methane emissions (% of total),2000,88.2
MMR,Myanmar,EN.ATM.METH.AG.ZS,Agricultural methane emissions (% of total),2001,88.18913086
MMR,Myanmar,EN.ATM.METH.AG.ZS,Agricultural methane emissions (% of total),2002,88.09246309
MMR,Myanmar,EN.ATM.METH.AG.ZS,Agricultural methane emissions (% of total),2003,88.07582938
MMR,Myanmar,EN.ATM.METH.AG.ZS,Agricultural methane emissions (% of total),2004,88.2105648
MMR,Myanmar,EN.ATM.METH.AG.ZS,Agricultural methane emissions (% of total),2005,88.52859135
MMR,Myanmar,EN.ATM.METH.AG.ZS,Agricultural methane emissions (% of total),2006,89.06662269
MMR,Myanmar,EN.ATM.METH.AG.ZS,Agricultural methane emissions (% of total),2007,89.22754394
MMR,Myanmar,EN.ATM.METH.AG.ZS,Agricultural methane emissions (% of total),2008,89.30447239
MMR,Myanmar,EN.ATM.METH.AG.ZS,Agricultural methane emissions (% of total),2009,
MMR,Myanmar,EN.ATM.METH.AG.ZS,Agricultural methane emissions (% of total),2010,
MMR,Myanmar,EN.ATM.METH.AG.ZS,Agricultural methane emissions (% of total),2011,
MMR,Myanmar,EN.ATM.METH.AG.ZS,Agricultural methane emissions (% of total),2012,
MMR,Myanmar,EN.ATM.METH.AG.ZS,Agricultural methane emissions (% of total),2013,
MMR,Myanmar,EN.ATM.METH.AG.ZS,Agricultural methane emissions (% of total),2014,
MMR,Myanmar,EN.ATM.METH.AG.ZS,Agricultural methane emissions (% of total),2015,
MMR,Myanmar,EN.ATM.METH.AG.ZS,Agricultural methane emissions (% of total),2016,
MMR,Myanmar,EN.ATM.METH.AG.ZS,Agricultural methane emissions (% of total),2017,
MMR,Myanmar,EN.ATM.METH.AG.ZS,Agricultural methane emissions (% of total),2018,
MMR,Myanmar,EN.ATM.METH.AG.ZS,Agricultural methane emissions (% of total),2019,
MMR,Myanmar,EN.ATM.METH.AG.ZS,Agricultural methane emissions (% of total),2020,
MMR,Myanmar,EN.ATM.METH.AG.ZS,Agricultural methane emissions (% of total),2021,
MMR,Myanmar,EN.ATM.METH.AG.KT.CE,Agricultural methane emissions (thousand metric tons of CO2 equivalent),1960,
MMR,Myanmar,EN.ATM.METH.AG.KT.CE,Agricultural methane emissions (thousand metric tons of CO2 equivalent),1961,
MMR,Myanmar,EN.ATM.METH.AG.KT.CE,Agricultural methane emissions (thousand metric tons of CO2 equivalent),1962,
MMR,Myanmar,EN.ATM.METH.AG.KT.CE,Agricultural methane emissions (thousand metric tons of CO2 equivalent),1963,
MMR,Myanmar,EN.ATM.METH.AG.KT.CE,Agricultural methane emissions (thousand metric tons of CO2 equivalent),1964,
MMR,Myanmar,EN.ATM.METH.AG.KT.CE,Agricultural methane emissions (thousand metric tons of CO2 equivalent),1965,
MMR,Myanmar,EN.ATM.METH.AG.KT.CE,Agricultural methane emissions (thousand metric tons of CO2 equivalent),1966,
MMR,Myanmar,EN.ATM.METH.AG.KT.CE,Agricultural methane emissions (thousand metric tons of CO2 equivalent),1967,
MMR,Myanmar,EN.ATM.METH.AG.KT.CE,Agricultural methane emissions (thousand metric tons of CO2 equivalent),1968,
MMR,Myanmar,EN.ATM.METH.AG.KT.CE,Agricultural methane emissions (thousand metric tons of CO2 equivalent),1969,
MMR,Myanmar,EN.ATM.METH.AG.KT.CE,Agricultural methane emissions (thousand metric tons of CO2 equivalent),1970,
MMR,Myanmar,EN.ATM.METH.AG.KT.CE,Agricultural methane emissions (thousand metric tons of CO2 equivalent),1971,
MMR,Myanmar,EN.ATM.METH.AG.KT.CE,Agricultural methane emissions (thousand metric tons of CO2 equivalent),1972,
MMR,Myanmar,EN.ATM.METH.AG.KT.CE,Agricultural methane emissions (thousand metric tons of CO2 equivalent),1973,
MMR,Myanmar,EN.ATM.METH.AG.KT.CE,Agricultural methane emissions (thousand metric tons of CO2 equivalent),1974,
MMR,Myanmar,EN.ATM.METH.AG.KT.CE,Agricultural methane emissions (thousand metric tons of CO2 equivalent),1975,
MMR,Myanmar,EN.ATM.METH.AG.KT.CE,Agricultural methane emissions (thousand metric tons of CO2 equivalent),1976,
MMR,Myanmar,EN.ATM.METH.AG.KT.CE,Agricultural methane emissions (thousand metric tons of CO2 equivalent),1977,
MMR,Myanmar,EN.ATM.METH.AG.KT.CE,Agricultural methane emissions (thousand metric tons of CO2 equivalent),1978,
MMR,Myanmar,EN.ATM.METH.AG.KT.CE,Agricultural methane emissions (thousand metric tons of CO2 equivalent),1979,
MMR,Myanmar,EN.ATM.METH.AG.KT.CE,Agricultural methane emissions (thousand metric tons of CO2 equivalent),1980,
MMR,Myanmar,EN.ATM.METH.AG.KT.CE,Agricultural methane emissions (thousand metric tons of CO2 equivalent),1981,
MMR,Myanmar,EN.ATM.METH.AG.KT.CE,Agricultural methane emissions (thousand metric tons of CO2 equivalent),1982,
MMR,Myanmar,EN.ATM.METH.AG.KT.CE,Agricultural methane emissions (thousand metric tons of CO2 equivalent),1983,
MMR,Myanmar,EN.ATM.METH.AG.KT.CE,Agricultural methane emissions (thousand metric tons of CO2 equivalent),1984,
MMR,Myanmar,EN.ATM.METH.AG.KT.CE,Agricultural methane emissions (thousand metric tons of CO2 equivalent),1985,
MMR,Myanmar,EN.ATM.METH.AG.KT.CE,Agricultural methane emissions (thousand metric tons of CO2 equivalent),1986,
MMR,Myanmar,EN.ATM.METH.AG.KT.CE,Agricultural methane emissions (thousand metric tons of CO2 equivalent),1987,
MMR,Myanmar,EN.ATM.METH.AG.KT.CE,Agricultural methane emissions (thousand metric tons of CO2 equivalent),1988,
MMR,Myanmar,EN.ATM.METH.AG.KT.CE,Agricultural methane emissions (thousand metric tons of CO2 equivalent),1989,
MMR,Myanmar,EN.ATM.METH.AG.KT.CE,Agricultural methane emissions (thousand metric tons of CO2 equivalent),1990,35050
MMR,Myanmar,EN.ATM.METH.AG.KT.CE,Agricultural methane emissions (thousand metric tons of CO2 equivalent),1991,34460
MMR,Myanmar,EN.ATM.METH.AG.KT.CE,Agricultural methane emissions (thousand metric tons of CO2 equivalent),1992,36600
MMR,Myanmar,EN.ATM.METH.AG.KT.CE,Agricultural methane emissions (thousand metric tons of CO2 equivalent),1993,38460
MMR,Myanmar,EN.ATM.METH.AG.KT.CE,Agricultural methane emissions (thousand metric tons of CO2 equivalent),1994,39620
MMR,Myanmar,EN.ATM.METH.AG.KT.CE,Agricultural methane emissions (thousand metric tons of CO2 equivalent),1995,41130
MMR,Myanmar,EN.ATM.METH.AG.KT.CE,Agricultural methane emissions (thousand metric tons of CO2 equivalent),1996,40550
MMR,Myanmar,EN.ATM.METH.AG.KT.CE,Agricultural methane emissions (thousand metric tons of CO2 equivalent),1997,39330
MMR,Myanmar,EN.ATM.METH.AG.KT.CE,Agricultural methane emissions (thousand metric tons of CO2 equivalent),1998,39930
MMR,Myanmar,EN.ATM.METH.AG.KT.CE,Agricultural methane emissions (thousand metric tons of CO2 equivalent),1999,43360
MMR,Myanmar,EN.ATM.METH.AG.KT.CE,Agricultural methane emissions (thousand metric tons of CO2 equivalent),2000,44100
MMR,Myanmar,EN.ATM.METH.AG.KT.CE,Agricultural methane emissions (thousand metric tons of CO2 equivalent),2001,44950
MMR,Myanmar,EN.ATM.METH.AG.KT.CE,Agricultural methane emissions (thousand metric tons of CO2 equivalent),2002,45350
MMR,Myanmar,EN.ATM.METH.AG.KT.CE,Agricultural methane emissions (thousand metric tons of CO2 equivalent),2003,46460
MMR,Myanmar,EN.ATM.METH.AG.KT.CE,Agricultural methane emissions (thousand metric tons of CO2 equivalent),2004,48260
MMR,Myanmar,EN.ATM.METH.AG.KT.CE,Agricultural methane emissions (thousand metric tons of CO2 equivalent),2005,50780
MMR,Myanmar,EN.ATM.METH.AG.KT.CE,Agricultural methane emissions (thousand metric tons of CO2 equivalent),2006,54010
MMR,Myanmar,EN.ATM.METH.AG.KT.CE,Agricultural methane emissions (thousand metric tons of CO2 equivalent),2007,55330
MMR,Myanmar,EN.ATM.METH.AG.KT.CE,Agricultural methane emissions (thousand metric tons of CO2 equivalent),2008,56110
MMR,Myanmar,EN.ATM.METH.AG.KT.CE,Agricultural methane emissions (thousand metric tons of CO2 equivalent),2009,56910
MMR,Myanmar,EN.ATM.METH.AG.KT.CE,Agricultural methane emissions (thousand metric tons of CO2 equivalent),2010,57810
MMR,Myanmar,EN.ATM.METH.AG.KT.CE,Agricultural methane emissions (thousand metric tons of CO2 equivalent),2011,55870
MMR,Myanmar,EN.ATM.METH.AG.KT.CE,Agricultural methane emissions (thousand metric tons of CO2 equivalent),2012,55800
MMR,Myanmar,EN.ATM.METH.AG.KT.CE,Agricultural methane emissions (thousand metric tons of CO2 equivalent),2013,56510
MMR,Myanmar,EN.ATM.METH.AG.KT.CE,Agricultural methane emissions (thousand metric tons of CO2 equivalent),2014,57430
MMR,Myanmar,EN.ATM.METH.AG.KT.CE,Agricultural methane emissions (thousand metric tons of CO2 equivalent),2015,58810
MMR,Myanmar,EN.ATM.METH.AG.KT.CE,Agricultural methane emissions (thousand metric tons of CO2 equivalent),2016,59830
MMR,Myanmar,EN.ATM.METH.AG.KT.CE,Agricultural methane emissions (thousand metric tons of CO2 equivalent),2017,61910
MMR,Myanmar,EN.ATM.METH.AG.KT.CE,Agricultural methane emissions (thousand metric tons of CO2 equivalent),2018,64240
MMR,Myanmar,EN.ATM.METH.AG.KT.CE,Agricultural methane emissions (thousand metric tons of CO2 equivalent),2019,65080
MMR,Myanmar,EN.ATM.METH.AG.KT.CE,Agricultural methane emissions (thousand metric tons of CO2 equivalent),2020,
MMR,Myanmar,EN.ATM.METH.AG.KT.CE,Agricultural methane emissions (thousand metric tons of CO2 equivalent),2021,
MMR,Myanmar,EN.ATM.NOXE.AG.ZS,Agricultural nitrous oxide emissions (% of total),1960,
MMR,Myanmar,EN.ATM.NOXE.AG.ZS,Agricultural nitrous oxide emissions (% of total),1961,
MMR,Myanmar,EN.ATM.NOXE.AG.ZS,Agricultural nitrous oxide emissions (% of total),1962,
MMR,Myanmar,EN.ATM.NOXE.AG.ZS,Agricultural nitrous oxide emissions (% of total),1963,
MMR,Myanmar,EN.ATM.NOXE.AG.ZS,Agricultural nitrous oxide emissions (% of total),1964,
MMR,Myanmar,EN.ATM.NOXE.AG.ZS,Agricultural nitrous oxide emissions (% of total),1965,
MMR,Myanmar,EN.ATM.NOXE.AG.ZS,Agricultural nitrous oxide emissions (% of total),1966,
MMR,Myanmar,EN.ATM.NOXE.AG.ZS,Agricultural nitrous oxide emissions (% of total),1967,
MMR,Myanmar,EN.ATM.NOXE.AG.ZS,Agricultural nitrous oxide emissions (% of total),1968,
MMR,Myanmar,EN.ATM.NOXE.AG.ZS,Agricultural nitrous oxide emissions (% of total),1969,
MMR,Myanmar,EN.ATM.NOXE.AG.ZS,Agricultural nitrous oxide emissions (% of total),1970,18.62195835
MMR,Myanmar,EN.ATM.NOXE.AG.ZS,Agricultural nitrous oxide emissions (% of total),1971,25.76135732
MMR,Myanmar,EN.ATM.NOXE.AG.ZS,Agricultural nitrous oxide emissions (% of total),1972,22.10879718
MMR,Myanmar,EN.ATM.NOXE.AG.ZS,Agricultural nitrous oxide emissions (% of total),1973,17.74610944
MMR,Myanmar,EN.ATM.NOXE.AG.ZS,Agricultural nitrous oxide emissions (% of total),1974,26.44658971
MMR,Myanmar,EN.ATM.NOXE.AG.ZS,Agricultural nitrous oxide emissions (% of total),1975,27.24017751
MMR,Myanmar,EN.ATM.NOXE.AG.ZS,Agricultural nitrous oxide emissions (% of total),1976,28.0965915
MMR,Myanmar,EN.ATM.NOXE.AG.ZS,Agricultural nitrous oxide emissions (% of total),1977,21.05371082
MMR,Myanmar,EN.ATM.NOXE.AG.ZS,Agricultural nitrous oxide emissions (% of total),1978,19.19567051
MMR,Myanmar,EN.ATM.NOXE.AG.ZS,Agricultural nitrous oxide emissions (% of total),1979,21.50891869
MMR,Myanmar,EN.ATM.NOXE.AG.ZS,Agricultural nitrous oxide emissions (% of total),1980,19.66847575
MMR,Myanmar,EN.ATM.NOXE.AG.ZS,Agricultural nitrous oxide emissions (% of total),1981,22.49938493
MMR,Myanmar,EN.ATM.NOXE.AG.ZS,Agricultural nitrous oxide emissions (% of total),1982,23.44580324
MMR,Myanmar,EN.ATM.NOXE.AG.ZS,Agricultural nitrous oxide emissions (% of total),1983,15.85877861
MMR,Myanmar,EN.ATM.NOXE.AG.ZS,Agricultural nitrous oxide emissions (% of total),1984,22.80437247
MMR,Myanmar,EN.ATM.NOXE.AG.ZS,Agricultural nitrous oxide emissions (% of total),1985,26.11463925
MMR,Myanmar,EN.ATM.NOXE.AG.ZS,Agricultural nitrous oxide emissions (% of total),1986,23.13483037
MMR,Myanmar,EN.ATM.NOXE.AG.ZS,Agricultural nitrous oxide emissions (% of total),1987,18.88423907
MMR,Myanmar,EN.ATM.NOXE.AG.ZS,Agricultural nitrous oxide emissions (% of total),1988,21.92903403
MMR,Myanmar,EN.ATM.NOXE.AG.ZS,Agricultural nitrous oxide emissions (% of total),1989,27.05452139
MMR,Myanmar,EN.ATM.NOXE.AG.ZS,Agricultural nitrous oxide emissions (% of total),1990,92.96663661
MMR,Myanmar,EN.ATM.NOXE.AG.ZS,Agricultural nitrous oxide emissions (% of total),1991,92.81867145
MMR,Myanmar,EN.ATM.NOXE.AG.ZS,Agricultural nitrous oxide emissions (% of total),1992,92.86343612
MMR,Myanmar,EN.ATM.NOXE.AG.ZS,Agricultural nitrous oxide emissions (% of total),1993,93.01121657
MMR,Myanmar,EN.ATM.NOXE.AG.ZS,Agricultural nitrous oxide emissions (% of total),1994,93.2062966
MMR,Myanmar,EN.ATM.NOXE.AG.ZS,Agricultural nitrous oxide emissions (% of total),1995,93.33333333
MMR,Myanmar,EN.ATM.NOXE.AG.ZS,Agricultural nitrous oxide emissions (% of total),1996,93.15831344
MMR,Myanmar,EN.ATM.NOXE.AG.ZS,Agricultural nitrous oxide emissions (% of total),1997,92.91964996
MMR,Myanmar,EN.ATM.NOXE.AG.ZS,Agricultural nitrous oxide emissions (% of total),1998,92.90724864
MMR,Myanmar,EN.ATM.NOXE.AG.ZS,Agricultural nitrous oxide emissions (% of total),1999,92.83559578
MMR,Myanmar,EN.ATM.NOXE.AG.ZS,Agricultural nitrous oxide emissions (% of total),2000,92.92487236
MMR,Myanmar,EN.ATM.NOXE.AG.ZS,Agricultural nitrous oxide emissions (% of total),2001,92.60089686
MMR,Myanmar,EN.ATM.NOXE.AG.ZS,Agricultural nitrous oxide emissions (% of total),2002,92.24459359
MMR,Myanmar,EN.ATM.NOXE.AG.ZS,Agricultural nitrous oxide emissions (% of total),2003,92.38975818
MMR,Myanmar,EN.ATM.NOXE.AG.ZS,Agricultural nitrous oxide emissions (% of total),2004,92.61249161
MMR,Myanmar,EN.ATM.NOXE.AG.ZS,Agricultural nitrous oxide emissions (% of total),2005,92.33870968
MMR,Myanmar,EN.ATM.NOXE.AG.ZS,Agricultural nitrous oxide emissions (% of total),2006,92.43697479
MMR,Myanmar,EN.ATM.NOXE.AG.ZS,Agricultural nitrous oxide emissions (% of total),2007,92.58343634
MMR,Myanmar,EN.ATM.NOXE.AG.ZS,Agricultural nitrous oxide emissions (% of total),2008,92.40740741
MMR,Myanmar,EN.ATM.NOXE.AG.ZS,Agricultural nitrous oxide emissions (% of total),2009,
MMR,Myanmar,EN.ATM.NOXE.AG.ZS,Agricultural nitrous oxide emissions (% of total),2010,
MMR,Myanmar,EN.ATM.NOXE.AG.ZS,Agricultural nitrous oxide emissions (% of total),2011,
MMR,Myanmar,EN.ATM.NOXE.AG.ZS,Agricultural nitrous oxide emissions (% of total),2012,
MMR,Myanmar,EN.ATM.NOXE.AG.ZS,Agricultural nitrous oxide emissions (% of total),2013,
MMR,Myanmar,EN.ATM.NOXE.AG.ZS,Agricultural nitrous oxide emissions (% of total),2014,
MMR,Myanmar,EN.ATM.NOXE.AG.ZS,Agricultural nitrous oxide emissions (% of total),2015,
MMR,Myanmar,EN.ATM.NOXE.AG.ZS,Agricultural nitrous oxide emissions (% of total),2016,
MMR,Myanmar,EN.ATM.NOXE.AG.ZS,Agricultural nitrous oxide emissions (% of total),2017,
MMR,Myanmar,EN.ATM.NOXE.AG.ZS,Agricultural nitrous oxide emissions (% of total),2018,
MMR,Myanmar,EN.ATM.NOXE.AG.ZS,Agricultural nitrous oxide emissions (% of total),2019,
MMR,Myanmar,EN.ATM.NOXE.AG.ZS,Agricultural nitrous oxide emissions (% of total),2020,
MMR,Myanmar,EN.ATM.NOXE.AG.ZS,Agricultural nitrous oxide emissions (% of total),2021,
MMR,Myanmar,EN.ATM.NOXE.AG.KT.CE,Agricultural nitrous oxide emissions (thousand metric tons of CO2 equivalent),1960,
MMR,Myanmar,EN.ATM.NOXE.AG.KT.CE,Agricultural nitrous oxide emissions (thousand metric tons of CO2 equivalent),1961,
MMR,Myanmar,EN.ATM.NOXE.AG.KT.CE,Agricultural nitrous oxide emissions (thousand metric tons of CO2 equivalent),1962,
MMR,Myanmar,EN.ATM.NOXE.AG.KT.CE,Agricultural nitrous oxide emissions (thousand metric tons of CO2 equivalent),1963,
MMR,Myanmar,EN.ATM.NOXE.AG.KT.CE,Agricultural nitrous oxide emissions (thousand metric tons of CO2 equivalent),1964,
MMR,Myanmar,EN.ATM.NOXE.AG.KT.CE,Agricultural nitrous oxide emissions (thousand metric tons of CO2 equivalent),1965,
MMR,Myanmar,EN.ATM.NOXE.AG.KT.CE,Agricultural nitrous oxide emissions (thousand metric tons of CO2 equivalent),1966,
MMR,Myanmar,EN.ATM.NOXE.AG.KT.CE,Agricultural nitrous oxide emissions (thousand metric tons of CO2 equivalent),1967,
MMR,Myanmar,EN.ATM.NOXE.AG.KT.CE,Agricultural nitrous oxide emissions (thousand metric tons of CO2 equivalent),1968,
MMR,Myanmar,EN.ATM.NOXE.AG.KT.CE,Agricultural nitrous oxide emissions (thousand metric tons of CO2 equivalent),1969,
MMR,Myanmar,EN.ATM.NOXE.AG.KT.CE,Agricultural nitrous oxide emissions (thousand metric tons of CO2 equivalent),1970,
MMR,Myanmar,EN.ATM.NOXE.AG.KT.CE,Agricultural nitrous oxide emissions (thousand metric tons of CO2 equivalent),1971,
MMR,Myanmar,EN.ATM.NOXE.AG.KT.CE,Agricultural nitrous oxide emissions (thousand metric tons of CO2 equivalent),1972,
MMR,Myanmar,EN.ATM.NOXE.AG.KT.CE,Agricultural nitrous oxide emissions (thousand metric tons of CO2 equivalent),1973,
MMR,Myanmar,EN.ATM.NOXE.AG.KT.CE,Agricultural nitrous oxide emissions (thousand metric tons of CO2 equivalent),1974,
MAR,Morocco,DT.NFL.UNTA.CD,"Net official flows from UN agencies, UNTA (current US$)",1960,
MAR,Morocco,DT.NFL.UNTA.CD,"Net official flows from UN agencies, UNTA (current US$)",1961,
MAR,Morocco,DT.NFL.UNTA.CD,"Net official flows from UN agencies, UNTA (current US$)",1962,
MAR,Morocco,DT.NFL.UNTA.CD,"Net official flows from UN agencies, UNTA (current US$)",1963,
MAR,Morocco,DT.NFL.UNTA.CD,"Net official flows from UN agencies, UNTA (current US$)",1964,
MAR,Morocco,DT.NFL.UNTA.CD,"Net official flows from UN agencies, UNTA (current US$)",1965,
MAR,Morocco,DT.NFL.UNTA.CD,"Net official flows from UN agencies, UNTA (current US$)",1966,
MAR,Morocco,DT.NFL.UNTA.CD,"Net official flows from UN agencies, UNTA (current US$)",1967,
MAR,Morocco,DT.NFL.UNTA.CD,"Net official flows from UN agencies, UNTA (current US$)",1968,
MAR,Morocco,DT.NFL.UNTA.CD,"Net official flows from UN agencies, UNTA (current US$)",1969,289999.9917
MAR,Morocco,DT.NFL.UNTA.CD,"Net official flows from UN agencies, UNTA (current US$)",1970,319999.9928
MAR,Morocco,DT.NFL.UNTA.CD,"Net official flows from UN agencies, UNTA (current US$)",1971,310000.0024
MAR,Morocco,DT.NFL.UNTA.CD,"Net official flows from UN agencies, UNTA (current US$)",1972,349999.994
MAR,Morocco,DT.NFL.UNTA.CD,"Net official flows from UN agencies, UNTA (current US$)",1973,360000.0143
MAR,Morocco,DT.NFL.UNTA.CD,"Net official flows from UN agencies, UNTA (current US$)",1974,270000.0107
MAR,Morocco,DT.NFL.UNTA.CD,"Net official flows from UN agencies, UNTA (current US$)",1975,200000.003
MAR,Morocco,DT.NFL.UNTA.CD,"Net official flows from UN agencies, UNTA (current US$)",1976,170000.0018
MAR,Morocco,DT.NFL.UNTA.CD,"Net official flows from UN agencies, UNTA (current US$)",1977,310000.0024
MAR,Morocco,DT.NFL.UNTA.CD,"Net official flows from UN agencies, UNTA (current US$)",1978,360000.0143
MAR,Morocco,DT.NFL.UNTA.CD,"Net official flows from UN agencies, UNTA (current US$)",1979,270000.0107
MAR,Morocco,DT.NFL.UNTA.CD,"Net official flows from UN agencies, UNTA (current US$)",1980,379999.9952
MAR,Morocco,DT.NFL.UNTA.CD,"Net official flows from UN agencies, UNTA (current US$)",1981,579999.9833
MAR,Morocco,DT.NFL.UNTA.CD,"Net official flows from UN agencies, UNTA (current US$)",1982,579999.9833
MAR,Morocco,DT.NFL.UNTA.CD,"Net official flows from UN agencies, UNTA (current US$)",1983,1100000.024
MAR,Morocco,DT.NFL.UNTA.CD,"Net official flows from UN agencies, UNTA (current US$)",1984,639999.9857
MAR,Morocco,DT.NFL.UNTA.CD,"Net official flows from UN agencies, UNTA (current US$)",1985,829999.9833
MAR,Morocco,DT.NFL.UNTA.CD,"Net official flows from UN agencies, UNTA (current US$)",1986,1279999.971
MAR,Morocco,DT.NFL.UNTA.CD,"Net official flows from UN agencies, UNTA (current US$)",1987,1120000.005
MAR,Morocco,DT.NFL.UNTA.CD,"Net official flows from UN agencies, UNTA (current US$)",1988,1049999.952
MAR,Morocco,DT.NFL.UNTA.CD,"Net official flows from UN agencies, UNTA (current US$)",1989,1620000.005
MAR,Morocco,DT.NFL.UNTA.CD,"Net official flows from UN agencies, UNTA (current US$)",1990,1519999.981
MAR,Morocco,DT.NFL.UNTA.CD,"Net official flows from UN agencies, UNTA (current US$)",1991,2109999.895
MAR,Morocco,DT.NFL.UNTA.CD,"Net official flows from UN agencies, UNTA (current US$)",1992,1600000.024
MAR,Morocco,DT.NFL.UNTA.CD,"Net official flows from UN agencies, UNTA (current US$)",1993,2369999.886
MAR,Morocco,DT.NFL.UNTA.CD,"Net official flows from UN agencies, UNTA (current US$)",1994,1909999.967
MAR,Morocco,DT.NFL.UNTA.CD,"Net official flows from UN agencies, UNTA (current US$)",1995,4219999.79
MAR,Morocco,DT.NFL.UNTA.CD,"Net official flows from UN agencies, UNTA (current US$)",1996,2119999.886
MAR,Morocco,DT.NFL.UNTA.CD,"Net official flows from UN agencies, UNTA (current US$)",1997,2799999.952
MAR,Morocco,DT.NFL.UNTA.CD,"Net official flows from UN agencies, UNTA (current US$)",1998,1990000.01
MAR,Morocco,DT.NFL.UNTA.CD,"Net official flows from UN agencies, UNTA (current US$)",1999,2390000.105
MAR,Morocco,DT.NFL.UNTA.CD,"Net official flows from UN agencies, UNTA (current US$)",2000,1990000.01
MAR,Morocco,DT.NFL.UNTA.CD,"Net official flows from UN agencies, UNTA (current US$)",2001,2930000.067
MAR,Morocco,DT.NFL.UNTA.CD,"Net official flows from UN agencies, UNTA (current US$)",2002,2039999.962
MAR,Morocco,DT.NFL.UNTA.CD,"Net official flows from UN agencies, UNTA (current US$)",2003,2950000.048
MAR,Morocco,DT.NFL.UNTA.CD,"Net official flows from UN agencies, UNTA (current US$)",2004,2720000.029
MAR,Morocco,DT.NFL.UNTA.CD,"Net official flows from UN agencies, UNTA (current US$)",2005,2609999.895
MAR,Morocco,DT.NFL.UNTA.CD,"Net official flows from UN agencies, UNTA (current US$)",2006,1679999.948
MAR,Morocco,DT.NFL.UNTA.CD,"Net official flows from UN agencies, UNTA (current US$)",2007,2750000
MAR,Morocco,DT.NFL.UNTA.CD,"Net official flows from UN agencies, UNTA (current US$)",2008,860000.0143
MAR,Morocco,DT.NFL.UNTA.CD,"Net official flows from UN agencies, UNTA (current US$)",2009,
MAR,Morocco,DT.NFL.UNTA.CD,"Net official flows from UN agencies, UNTA (current US$)",2010,
MAR,Morocco,DT.NFL.UNTA.CD,"Net official flows from UN agencies, UNTA (current US$)",2011,
MAR,Morocco,DT.NFL.UNTA.CD,"Net official flows from UN agencies, UNTA (current US$)",2012,
MAR,Morocco,DT.NFL.UNTA.CD,"Net official flows from UN agencies, UNTA (current US$)",2013,
MAR,Morocco,DT.NFL.UNTA.CD,"Net official flows from UN agencies, UNTA (current US$)",2014,
MAR,Morocco,DT.NFL.UNTA.CD,"Net official flows from UN agencies, UNTA (current US$)",2015,
MAR,Morocco,DT.NFL.UNTA.CD,"Net official flows from UN agencies, UNTA (current US$)",2016,
MAR,Morocco,DT.NFL.UNTA.CD,"Net official flows from UN agencies, UNTA (current US$)",2017,
MAR,Morocco,DT.NFL.UNTA.CD,"Net official flows from UN agencies, UNTA (current US$)",2018,
MAR,Morocco,DT.NFL.UNTA.CD,"Net official flows from UN agencies, UNTA (current US$)",2019,
MAR,Morocco,DT.NFL.UNTA.CD,"Net official flows from UN agencies, UNTA (current US$)",2020,
MAR,Morocco,DT.NFL.UNTA.CD,"Net official flows from UN agencies, UNTA (current US$)",2021,
MAR,Morocco,DT.NFL.UNWT.CD,"Net official flows from UN agencies, UNWTO (current US$)",1960,
MAR,Morocco,DT.NFL.UNWT.CD,"Net official flows from UN agencies, UNWTO (current US$)",1961,
MAR,Morocco,DT.NFL.UNWT.CD,"Net official flows from UN agencies, UNWTO (current US$)",1962,
MAR,Morocco,DT.NFL.UNWT.CD,"Net official flows from UN agencies, UNWTO (current US$)",1963,
MAR,Morocco,DT.NFL.UNWT.CD,"Net official flows from UN agencies, UNWTO (current US$)",1964,
MAR,Morocco,DT.NFL.UNWT.CD,"Net official flows from UN agencies, UNWTO (current US$)",1965,
MAR,Morocco,DT.NFL.UNWT.CD,"Net official flows from UN agencies, UNWTO (current US$)",1966,
MAR,Morocco,DT.NFL.UNWT.CD,"Net official flows from UN agencies, UNWTO (current US$)",1967,
MAR,Morocco,DT.NFL.UNWT.CD,"Net official flows from UN agencies, UNWTO (current US$)",1968,
MAR,Morocco,DT.NFL.UNWT.CD,"Net official flows from UN agencies, UNWTO (current US$)",1969,
MAR,Morocco,DT.NFL.UNWT.CD,"Net official flows from UN agencies, UNWTO (current US$)",1970,
MAR,Morocco,DT.NFL.UNWT.CD,"Net official flows from UN agencies, UNWTO (current US$)",1971,
MAR,Morocco,DT.NFL.UNWT.CD,"Net official flows from UN agencies, UNWTO (current US$)",1972,
MAR,Morocco,DT.NFL.UNWT.CD,"Net official flows from UN agencies, UNWTO (current US$)",1973,
MAR,Morocco,DT.NFL.UNWT.CD,"Net official flows from UN agencies, UNWTO (current US$)",1974,
MAR,Morocco,DT.NFL.UNWT.CD,"Net official flows from UN agencies, UNWTO (current US$)",1975,
MAR,Morocco,DT.NFL.UNWT.CD,"Net official flows from UN agencies, UNWTO (current US$)",1976,
MAR,Morocco,DT.NFL.UNWT.CD,"Net official flows from UN agencies, UNWTO (current US$)",1977,
MAR,Morocco,DT.NFL.UNWT.CD,"Net official flows from UN agencies, UNWTO (current US$)",1978,
MAR,Morocco,DT.NFL.UNWT.CD,"Net official flows from UN agencies, UNWTO (current US$)",1979,
MAR,Morocco,DT.NFL.UNWT.CD,"Net official flows from UN agencies, UNWTO (current US$)",1980,
MAR,Morocco,DT.NFL.UNWT.CD,"Net official flows from UN agencies, UNWTO (current US$)",1981,
MAR,Morocco,DT.NFL.UNWT.CD,"Net official flows from UN agencies, UNWTO (current US$)",1982,
MAR,Morocco,DT.NFL.UNWT.CD,"Net official flows from UN agencies, UNWTO (current US$)",1983,
MAR,Morocco,DT.NFL.UNWT.CD,"Net official flows from UN agencies, UNWTO (current US$)",1984,
MAR,Morocco,DT.NFL.UNWT.CD,"Net official flows from UN agencies, UNWTO (current US$)",1985,
MAR,Morocco,DT.NFL.UNWT.CD,"Net official flows from UN agencies, UNWTO (current US$)",1986,
MAR,Morocco,DT.NFL.UNWT.CD,"Net official flows from UN agencies, UNWTO (current US$)",1987,
MAR,Morocco,DT.NFL.UNWT.CD,"Net official flows from UN agencies, UNWTO (current US$)",1988,
MAR,Morocco,DT.NFL.UNWT.CD,"Net official flows from UN agencies, UNWTO (current US$)",1989,
MAR,Morocco,DT.NFL.UNWT.CD,"Net official flows from UN agencies, UNWTO (current US$)",1990,
MAR,Morocco,DT.NFL.UNWT.CD,"Net official flows from UN agencies, UNWTO (current US$)",1991,
MAR,Morocco,DT.NFL.UNWT.CD,"Net official flows from UN agencies, UNWTO (current US$)",1992,
MAR,Morocco,DT.NFL.UNWT.CD,"Net official flows from UN agencies, UNWTO (current US$)",1993,
MAR,Morocco,DT.NFL.UNWT.CD,"Net official flows from UN agencies, UNWTO (current US$)",1994,
MAR,Morocco,DT.NFL.UNWT.CD,"Net official flows from UN agencies, UNWTO (current US$)",1995,
MAR,Morocco,DT.NFL.UNWT.CD,"Net official flows from UN agencies, UNWTO (current US$)",1996,
MAR,Morocco,DT.NFL.UNWT.CD,"Net official flows from UN agencies, UNWTO (current US$)",1997,
MAR,Morocco,DT.NFL.UNWT.CD,"Net official flows from UN agencies, UNWTO (current US$)",1998,
MAR,Morocco,DT.NFL.UNWT.CD,"Net official flows from UN agencies, UNWTO (current US$)",1999,
MAR,Morocco,DT.NFL.UNWT.CD,"Net official flows from UN agencies, UNWTO (current US$)",2000,
MAR,Morocco,DT.NFL.UNWT.CD,"Net official flows from UN agencies, UNWTO (current US$)",2001,
MAR,Morocco,DT.NFL.UNWT.CD,"Net official flows from UN agencies, UNWTO (current US$)",2002,
MAR,Morocco,DT.NFL.UNWT.CD,"Net official flows from UN agencies, UNWTO (current US$)",2003,
MAR,Morocco,DT.NFL.UNWT.CD,"Net official flows from UN agencies, UNWTO (current US$)",2004,
MAR,Morocco,DT.NFL.UNWT.CD,"Net official flows from UN agencies, UNWTO (current US$)",2005,
MAR,Morocco,DT.NFL.UNWT.CD,"Net official flows from UN agencies, UNWTO (current US$)",2006,
MAR,Morocco,DT.NFL.UNWT.CD,"Net official flows from UN agencies, UNWTO (current US$)",2007,
MAR,Morocco,DT.NFL.UNWT.CD,"Net official flows from UN agencies, UNWTO (current US$)",2008,
MAR,Morocco,DT.NFL.UNWT.CD,"Net official flows from UN agencies, UNWTO (current US$)",2009,
MAR,Morocco,DT.NFL.UNWT.CD,"Net official flows from UN agencies, UNWTO (current US$)",2010,
MAR,Morocco,DT.NFL.UNWT.CD,"Net official flows from UN agencies, UNWTO (current US$)",2011,
MAR,Morocco,DT.NFL.UNWT.CD,"Net official flows from UN agencies, UNWTO (current US$)",2012,
MAR,Morocco,DT.NFL.UNWT.CD,"Net official flows from UN agencies, UNWTO (current US$)",2013,
MAR,Morocco,DT.NFL.UNWT.CD,"Net official flows from UN agencies, UNWTO (current US$)",2014,
MAR,Morocco,DT.NFL.UNWT.CD,"Net official flows from UN agencies, UNWTO (current US$)",2015,
MAR,Morocco,DT.NFL.UNWT.CD,"Net official flows from UN agencies, UNWTO (current US$)",2016,
MAR,Morocco,DT.NFL.UNWT.CD,"Net official flows from UN agencies, UNWTO (current US$)",2017,
MAR,Morocco,DT.NFL.UNWT.CD,"Net official flows from UN agencies, UNWTO (current US$)",2018,
MAR,Morocco,DT.NFL.UNWT.CD,"Net official flows from UN agencies, UNWTO (current US$)",2019,
MAR,Morocco,DT.NFL.UNWT.CD,"Net official flows from UN agencies, UNWTO (current US$)",2020,
MAR,Morocco,DT.NFL.UNWT.CD,"Net official flows from UN agencies, UNWTO (current US$)",2021,
MAR,Morocco,DT.NFL.WFPG.CD,"Net official flows from UN agencies, WFP (current US$)",1960,
MAR,Morocco,DT.NFL.WFPG.CD,"Net official flows from UN agencies, WFP (current US$)",1961,
MAR,Morocco,DT.NFL.WFPG.CD,"Net official flows from UN agencies, WFP (current US$)",1962,
MAR,Morocco,DT.NFL.WFPG.CD,"Net official flows from UN agencies, WFP (current US$)",1963,
MAR,Morocco,DT.NFL.WFPG.CD,"Net official flows from UN agencies, WFP (current US$)",1964,
MAR,Morocco,DT.NFL.WFPG.CD,"Net official flows from UN agencies, WFP (current US$)",1965,
MAR,Morocco,DT.NFL.WFPG.CD,"Net official flows from UN agencies, WFP (current US$)",1966,
MAR,Morocco,DT.NFL.WFPG.CD,"Net official flows from UN agencies, WFP (current US$)",1967,
MAR,Morocco,DT.NFL.WFPG.CD,"Net official flows from UN agencies, WFP (current US$)",1968,
MAR,Morocco,DT.NFL.WFPG.CD,"Net official flows from UN agencies, WFP (current US$)",1969,810000.0024
MAR,Morocco,DT.NFL.WFPG.CD,"Net official flows from UN agencies, WFP (current US$)",1970,1110000.014
MAR,Morocco,DT.NFL.WFPG.CD,"Net official flows from UN agencies, WFP (current US$)",1971,3210000.038
MAR,Morocco,DT.NFL.WFPG.CD,"Net official flows from UN agencies, WFP (current US$)",1972,-59999.99866
MAR,Morocco,DT.NFL.WFPG.CD,"Net official flows from UN agencies, WFP (current US$)",1973,920000.0167
MAR,Morocco,DT.NFL.WFPG.CD,"Net official flows from UN agencies, WFP (current US$)",1974,2660000.086
MAR,Morocco,DT.NFL.WFPG.CD,"Net official flows from UN agencies, WFP (current US$)",1975,740000.0095
MAR,Morocco,DT.NFL.WFPG.CD,"Net official flows from UN agencies, WFP (current US$)",1976,730000.0191
MAR,Morocco,DT.NFL.WFPG.CD,"Net official flows from UN agencies, WFP (current US$)",1977,2950000.048
MAR,Morocco,DT.NFL.WFPG.CD,"Net official flows from UN agencies, WFP (current US$)",1978,4760000.229
MAR,Morocco,DT.NFL.WFPG.CD,"Net official flows from UN agencies, WFP (current US$)",1979,4289999.962
MAR,Morocco,DT.NFL.WFPG.CD,"Net official flows from UN agencies, WFP (current US$)",1980,
MAR,Morocco,DT.NFL.WFPG.CD,"Net official flows from UN agencies, WFP (current US$)",1981,15619999.89
MAR,Morocco,DT.NFL.WFPG.CD,"Net official flows from UN agencies, WFP (current US$)",1982,14239999.77
MAR,Morocco,DT.NFL.WFPG.CD,"Net official flows from UN agencies, WFP (current US$)",1983,13189999.58
MAR,Morocco,DT.NFL.WFPG.CD,"Net official flows from UN agencies, WFP (current US$)",1984,16079999.92
MAR,Morocco,DT.NFL.WFPG.CD,"Net official flows from UN agencies, WFP (current US$)",1985,17870000.84
MAR,Morocco,DT.NFL.WFPG.CD,"Net official flows from UN agencies, WFP (current US$)",1986,21920000.08
MAR,Morocco,DT.NFL.WFPG.CD,"Net official flows from UN agencies, WFP (current US$)",1987,11390000.34
MAR,Morocco,DT.NFL.WFPG.CD,"Net official flows from UN agencies, WFP (current US$)",1988,21790000.92
MAR,Morocco,DT.NFL.WFPG.CD,"Net official flows from UN agencies, WFP (current US$)",1989,28790000.92
MAR,Morocco,DT.NFL.WFPG.CD,"Net official flows from UN agencies, WFP (current US$)",1990,25760000.23
MAR,Morocco,DT.NFL.WFPG.CD,"Net official flows from UN agencies, WFP (current US$)",1991,16989999.77
MAR,Morocco,DT.NFL.WFPG.CD,"Net official flows from UN agencies, WFP (current US$)",1992,23100000.38
MAR,Morocco,DT.NFL.WFPG.CD,"Net official flows from UN agencies, WFP (current US$)",1993,23149999.62
MAR,Morocco,DT.NFL.WFPG.CD,"Net official flows from UN agencies, WFP (current US$)",1994,8939999.58
MAR,Morocco,DT.NFL.WFPG.CD,"Net official flows from UN agencies, WFP (current US$)",1995,2000000
MAR,Morocco,DT.NFL.WFPG.CD,"Net official flows from UN agencies, WFP (current US$)",1996,479999.9893
MAR,Morocco,DT.NFL.WFPG.CD,"Net official flows from UN agencies, WFP (current US$)",1997,4329999.924
MAR,Morocco,DT.NFL.WFPG.CD,"Net official flows from UN agencies, WFP (current US$)",1998,409999.9964
MAR,Morocco,DT.NFL.WFPG.CD,"Net official flows from UN agencies, WFP (current US$)",1999,2619999.886
MAR,Morocco,DT.NFL.WFPG.CD,"Net official flows from UN agencies, WFP (current US$)",2000,2190000.057
MAR,Morocco,DT.NFL.WFPG.CD,"Net official flows from UN agencies, WFP (current US$)",2001,2059999.943
MAR,Morocco,DT.NFL.WFPG.CD,"Net official flows from UN agencies, WFP (current US$)",2002,1340000.033
MAR,Morocco,DT.NFL.WFPG.CD,"Net official flows from UN agencies, WFP (current US$)",2003,379999.9952
MAR,Morocco,DT.NFL.WFPG.CD,"Net official flows from UN agencies, WFP (current US$)",2004,150000.006
MAR,Morocco,DT.NFL.WFPG.CD,"Net official flows from UN agencies, WFP (current US$)",2005,19999.99955
MAR,Morocco,DT.NFL.WFPG.CD,"Net official flows from UN agencies, WFP (current US$)",2006,
MAR,Morocco,DT.NFL.WFPG.CD,"Net official flows from UN agencies, WFP (current US$)",2007,
MAR,Morocco,DT.NFL.WFPG.CD,"Net official flows from UN agencies, WFP (current US$)",2008,
MAR,Morocco,DT.NFL.WFPG.CD,"Net official flows from UN agencies, WFP (current US$)",2009,
MAR,Morocco,DT.NFL.WFPG.CD,"Net official flows from UN agencies, WFP (current US$)",2010,
MAR,Morocco,DT.NFL.WFPG.CD,"Net official flows from UN agencies, WFP (current US$)",2011,
MAR,Morocco,DT.NFL.WFPG.CD,"Net official flows from UN agencies, WFP (current US$)",2012,
MAR,Morocco,DT.NFL.WFPG.CD,"Net official flows from UN agencies, WFP (current US$)",2013,
MAR,Morocco,DT.NFL.WFPG.CD,"Net official flows from UN agencies, WFP (current US$)",2014,
MAR,Morocco,DT.NFL.WFPG.CD,"Net official flows from UN agencies, WFP (current US$)",2015,
MAR,Morocco,DT.NFL.WFPG.CD,"Net official flows from UN agencies, WFP (current US$)",2016,
MAR,Morocco,DT.NFL.WFPG.CD,"Net official flows from UN agencies, WFP (current US$)",2017,
MAR,Morocco,DT.NFL.WFPG.CD,"Net official flows from UN agencies, WFP (current US$)",2018,
MAR,Morocco,DT.NFL.WFPG.CD,"Net official flows from UN agencies, WFP (current US$)",2019,
MAR,Morocco,DT.NFL.WFPG.CD,"Net official flows from UN agencies, WFP (current US$)",2020,
MAR,Morocco,DT.NFL.WFPG.CD,"Net official flows from UN agencies, WFP (current US$)",2021,
MAR,Morocco,DT.NFL.WHOL.CD,"Net official flows from UN agencies, WHO (current US$)",1960,
MAR,Morocco,DT.NFL.WHOL.CD,"Net official flows from UN agencies, WHO (current US$)",1961,
MAR,Morocco,DT.NFL.WHOL.CD,"Net official flows from UN agencies, WHO (current US$)",1962,
MAR,Morocco,DT.NFL.WHOL.CD,"Net official flows from UN agencies, WHO (current US$)",1963,
MAR,Morocco,DT.NFL.WHOL.CD,"Net official flows from UN agencies, WHO (current US$)",1964,
MAR,Morocco,DT.NFL.WHOL.CD,"Net official flows from UN agencies, WHO (current US$)",1965,
MAR,Morocco,DT.NFL.WHOL.CD,"Net official flows from UN agencies, WHO (current US$)",1966,
MAR,Morocco,DT.NFL.WHOL.CD,"Net official flows from UN agencies, WHO (current US$)",1967,
MAR,Morocco,DT.NFL.WHOL.CD,"Net official flows from UN agencies, WHO (current US$)",1968,
MAR,Morocco,DT.NFL.WHOL.CD,"Net official flows from UN agencies, WHO (current US$)",1969,
MAR,Morocco,DT.NFL.WHOL.CD,"Net official flows from UN agencies, WHO (current US$)",1970,
MAR,Morocco,DT.NFL.WHOL.CD,"Net official flows from UN agencies, WHO (current US$)",1971,
MAR,Morocco,DT.NFL.WHOL.CD,"Net official flows from UN agencies, WHO (current US$)",1972,
MAR,Morocco,DT.NFL.WHOL.CD,"Net official flows from UN agencies, WHO (current US$)",1973,
MAR,Morocco,DT.NFL.WHOL.CD,"Net official flows from UN agencies, WHO (current US$)",1974,
MAR,Morocco,DT.NFL.WHOL.CD,"Net official flows from UN agencies, WHO (current US$)",1975,
MAR,Morocco,DT.NFL.WHOL.CD,"Net official flows from UN agencies, WHO (current US$)",1976,
MAR,Morocco,DT.NFL.WHOL.CD,"Net official flows from UN agencies, WHO (current US$)",1977,
MAR,Morocco,DT.NFL.WHOL.CD,"Net official flows from UN agencies, WHO (current US$)",1978,
MAR,Morocco,DT.NFL.WHOL.CD,"Net official flows from UN agencies, WHO (current US$)",1979,
MAR,Morocco,DT.NFL.WHOL.CD,"Net official flows from UN agencies, WHO (current US$)",1980,
MAR,Morocco,DT.NFL.WHOL.CD,"Net official flows from UN agencies, WHO (current US$)",1981,
MAR,Morocco,DT.NFL.WHOL.CD,"Net official flows from UN agencies, WHO (current US$)",1982,
MAR,Morocco,DT.NFL.WHOL.CD,"Net official flows from UN agencies, WHO (current US$)",1983,
MAR,Morocco,DT.NFL.WHOL.CD,"Net official flows from UN agencies, WHO (current US$)",1984,
MAR,Morocco,DT.NFL.WHOL.CD,"Net official flows from UN agencies, WHO (current US$)",1985,
MAR,Morocco,DT.NFL.WHOL.CD,"Net official flows from UN agencies, WHO (current US$)",1986,
MAR,Morocco,DT.NFL.WHOL.CD,"Net official flows from UN agencies, WHO (current US$)",1987,
MAR,Morocco,DT.NFL.WHOL.CD,"Net official flows from UN agencies, WHO (current US$)",1988,
MAR,Morocco,DT.NFL.WHOL.CD,"Net official flows from UN agencies, WHO (current US$)",1989,
MAR,Morocco,DT.NFL.WHOL.CD,"Net official flows from UN agencies, WHO (current US$)",1990,
MAR,Morocco,DT.NFL.WHOL.CD,"Net official flows from UN agencies, WHO (current US$)",1991,
MAR,Morocco,DT.NFL.WHOL.CD,"Net official flows from UN agencies, WHO (current US$)",1992,
MAR,Morocco,DT.NFL.WHOL.CD,"Net official flows from UN agencies, WHO (current US$)",1993,
MAR,Morocco,DT.NFL.WHOL.CD,"Net official flows from UN agencies, WHO (current US$)",1994,
MAR,Morocco,DT.NFL.WHOL.CD,"Net official flows from UN agencies, WHO (current US$)",1995,
MAR,Morocco,DT.NFL.WHOL.CD,"Net official flows from UN agencies, WHO (current US$)",1996,
MAR,Morocco,DT.NFL.WHOL.CD,"Net official flows from UN agencies, WHO (current US$)",1997,
MAR,Morocco,DT.NFL.WHOL.CD,"Net official flows from UN agencies, WHO (current US$)",1998,
MAR,Morocco,DT.NFL.WHOL.CD,"Net official flows from UN agencies, WHO (current US$)",1999,
MAR,Morocco,DT.NFL.WHOL.CD,"Net official flows from UN agencies, WHO (current US$)",2000,
MAR,Morocco,DT.NFL.WHOL.CD,"Net official flows from UN agencies, WHO (current US$)",2001,
MAR,Morocco,DT.NFL.WHOL.CD,"Net official flows from UN agencies, WHO (current US$)",2002,
MAR,Morocco,DT.NFL.WHOL.CD,"Net official flows from UN agencies, WHO (current US$)",2003,
MAR,Morocco,DT.NFL.WHOL.CD,"Net official flows from UN agencies, WHO (current US$)",2004,
MAR,Morocco,DT.NFL.WHOL.CD,"Net official flows from UN agencies, WHO (current US$)",2005,
MAR,Morocco,DT.NFL.WHOL.CD,"Net official flows from UN agencies, WHO (current US$)",2006,
MAR,Morocco,DT.NFL.WHOL.CD,"Net official flows from UN agencies, WHO (current US$)",2007,
MAR,Morocco,DT.NFL.WHOL.CD,"Net official flows from UN agencies, WHO (current US$)",2008,
MAR,Morocco,DT.NFL.WHOL.CD,"Net official flows from UN agencies, WHO (current US$)",2009,
MAR,Morocco,DT.NFL.WHOL.CD,"Net official flows from UN agencies, WHO (current US$)",2010,
MAR,Morocco,DT.NFL.WHOL.CD,"Net official flows from UN agencies, WHO (current US$)",2011,1139999.986
MAR,Morocco,DT.NFL.WHOL.CD,"Net official flows from UN agencies, WHO (current US$)",2012,439436.7933
MAR,Morocco,DT.NFL.WHOL.CD,"Net official flows from UN agencies, WHO (current US$)",2013,1027923.465
MAR,Morocco,DT.NFL.WHOL.CD,"Net official flows from UN agencies, WHO (current US$)",2014,573522.8658
MAR,Morocco,DT.NFL.WHOL.CD,"Net official flows from UN agencies, WHO (current US$)",2015,1192429.423
MAR,Morocco,DT.NFL.WHOL.CD,"Net official flows from UN agencies, WHO (current US$)",2016,888897.2402
MAR,Morocco,DT.NFL.WHOL.CD,"Net official flows from UN agencies, WHO (current US$)",2017,699940.8603
MAR,Morocco,DT.NFL.WHOL.CD,"Net official flows from UN agencies, WHO (current US$)",2018,663362.0858
MAR,Morocco,DT.NFL.WHOL.CD,"Net official flows from UN agencies, WHO (current US$)",2019,1499749.66
MAR,Morocco,DT.NFL.WHOL.CD,"Net official flows from UN agencies, WHO (current US$)",2020,386906.8623
MAR,Morocco,DT.NFL.WHOL.CD,"Net official flows from UN agencies, WHO (current US$)",2021,
MAR,Morocco,BN.GSR.FCTY.CD,"Net primary income (BoP, current US$)",1960,
MAR,Morocco,BN.GSR.FCTY.CD,"Net primary income (BoP, current US$)",1961,
MAR,Morocco,BN.GSR.FCTY.CD,"Net primary income (BoP, current US$)",1962,
MAR,Morocco,BN.GSR.FCTY.CD,"Net primary income (BoP, current US$)",1963,
MAR,Morocco,BN.GSR.FCTY.CD,"Net primary income (BoP, current US$)",1964,
MAR,Morocco,BN.GSR.FCTY.CD,"Net primary income (BoP, current US$)",1965,
MAR,Morocco,BN.GSR.FCTY.CD,"Net primary income (BoP, current US$)",1966,
MAR,Morocco,BN.GSR.FCTY.CD,"Net primary income (BoP, current US$)",1967,
MAR,Morocco,BN.GSR.FCTY.CD,"Net primary income (BoP, current US$)",1968,
MAR,Morocco,BN.GSR.FCTY.CD,"Net primary income (BoP, current US$)",1969,
MAR,Morocco,BN.GSR.FCTY.CD,"Net primary income (BoP, current US$)",1970,
MAR,Morocco,BN.GSR.FCTY.CD,"Net primary income (BoP, current US$)",1971,
MAR,Morocco,BN.GSR.FCTY.CD,"Net primary income (BoP, current US$)",1972,
MAR,Morocco,BN.GSR.FCTY.CD,"Net primary income (BoP, current US$)",1973,
MAR,Morocco,BN.GSR.FCTY.CD,"Net primary income (BoP, current US$)",1974,
MAR,Morocco,BN.GSR.FCTY.CD,"Net primary income (BoP, current US$)",1975,-66625745.31
MAR,Morocco,BN.GSR.FCTY.CD,"Net primary income (BoP, current US$)",1976,-98884159.04
MAR,Morocco,BN.GSR.FCTY.CD,"Net primary income (BoP, current US$)",1977,-158104668.5
MAR,Morocco,BN.GSR.FCTY.CD,"Net primary income (BoP, current US$)",1978,-283679716.4
MAR,Morocco,BN.GSR.FCTY.CD,"Net primary income (BoP, current US$)",1979,-408808707.9
MAR,Morocco,BN.GSR.FCTY.CD,"Net primary income (BoP, current US$)",1980,-562153694.9
MAR,Morocco,BN.GSR.FCTY.CD,"Net primary income (BoP, current US$)",1981,-702202680.9
MAR,Morocco,BN.GSR.FCTY.CD,"Net primary income (BoP, current US$)",1982,-649839843.8
MAR,Morocco,BN.GSR.FCTY.CD,"Net primary income (BoP, current US$)",1983,-620418984.5
MAR,Morocco,BN.GSR.FCTY.CD,"Net primary income (BoP, current US$)",1984,-575220406.1
MAR,Morocco,BN.GSR.FCTY.CD,"Net primary income (BoP, current US$)",1985,-765714729.6
MAR,Morocco,BN.GSR.FCTY.CD,"Net primary income (BoP, current US$)",1986,-688565013.6
MAR,Morocco,BN.GSR.FCTY.CD,"Net primary income (BoP, current US$)",1987,-766697869.7
MAR,Morocco,BN.GSR.FCTY.CD,"Net primary income (BoP, current US$)",1988,-1036891761
MAR,Morocco,BN.GSR.FCTY.CD,"Net primary income (BoP, current US$)",1989,-1159378288
MAR,Morocco,BN.GSR.FCTY.CD,"Net primary income (BoP, current US$)",1990,-987826072.9
MAR,Morocco,BN.GSR.FCTY.CD,"Net primary income (BoP, current US$)",1991,-1115482022
MAR,Morocco,BN.GSR.FCTY.CD,"Net primary income (BoP, current US$)",1992,-1056820345
MAR,Morocco,BN.GSR.FCTY.CD,"Net primary income (BoP, current US$)",1993,-1207694509
MAR,Morocco,BN.GSR.FCTY.CD,"Net primary income (BoP, current US$)",1994,-1170415470
MAR,Morocco,BN.GSR.FCTY.CD,"Net primary income (BoP, current US$)",1995,-1317762205
MAR,Morocco,BN.GSR.FCTY.CD,"Net primary income (BoP, current US$)",1996,-1308646454
MAR,Morocco,BN.GSR.FCTY.CD,"Net primary income (BoP, current US$)",1997,-1175278119
MNE,Montenegro,GC.TAX.INTT.RV.ZS,Taxes on international trade (% of revenue),1960,
MNE,Montenegro,GC.TAX.INTT.RV.ZS,Taxes on international trade (% of revenue),1961,
MNE,Montenegro,GC.TAX.INTT.RV.ZS,Taxes on international trade (% of revenue),1962,
MNE,Montenegro,GC.TAX.INTT.RV.ZS,Taxes on international trade (% of revenue),1963,
MNE,Montenegro,GC.TAX.INTT.RV.ZS,Taxes on international trade (% of revenue),1964,
MNE,Montenegro,GC.TAX.INTT.RV.ZS,Taxes on international trade (% of revenue),1965,
MNE,Montenegro,GC.TAX.INTT.RV.ZS,Taxes on international trade (% of revenue),1966,
MNE,Montenegro,GC.TAX.INTT.RV.ZS,Taxes on international trade (% of revenue),1967,
MNE,Montenegro,GC.TAX.INTT.RV.ZS,Taxes on international trade (% of revenue),1968,
MNE,Montenegro,GC.TAX.INTT.RV.ZS,Taxes on international trade (% of revenue),1969,
MNE,Montenegro,GC.TAX.INTT.RV.ZS,Taxes on international trade (% of revenue),1970,
MNE,Montenegro,GC.TAX.INTT.RV.ZS,Taxes on international trade (% of revenue),1971,
MNE,Montenegro,GC.TAX.INTT.RV.ZS,Taxes on international trade (% of revenue),1972,
MNE,Montenegro,GC.TAX.INTT.RV.ZS,Taxes on international trade (% of revenue),1973,
MNE,Montenegro,GC.TAX.INTT.RV.ZS,Taxes on international trade (% of revenue),1974,
MNE,Montenegro,GC.TAX.INTT.RV.ZS,Taxes on international trade (% of revenue),1975,
MNE,Montenegro,GC.TAX.INTT.RV.ZS,Taxes on international trade (% of revenue),1976,
MNE,Montenegro,GC.TAX.INTT.RV.ZS,Taxes on international trade (% of revenue),1977,
MNE,Montenegro,GC.TAX.INTT.RV.ZS,Taxes on international trade (% of revenue),1978,
MNE,Montenegro,GC.TAX.INTT.RV.ZS,Taxes on international trade (% of revenue),1979,
MNE,Montenegro,GC.TAX.INTT.RV.ZS,Taxes on international trade (% of revenue),1980,
MNE,Montenegro,GC.TAX.INTT.RV.ZS,Taxes on international trade (% of revenue),1981,
MNE,Montenegro,GC.TAX.INTT.RV.ZS,Taxes on international trade (% of revenue),1982,
MNE,Montenegro,GC.TAX.INTT.RV.ZS,Taxes on international trade (% of revenue),1983,
MNE,Montenegro,GC.TAX.INTT.RV.ZS,Taxes on international trade (% of revenue),1984,
MNE,Montenegro,GC.TAX.INTT.RV.ZS,Taxes on international trade (% of revenue),1985,
MNE,Montenegro,GC.TAX.INTT.RV.ZS,Taxes on international trade (% of revenue),1986,
MNE,Montenegro,GC.TAX.INTT.RV.ZS,Taxes on international trade (% of revenue),1987,
MNE,Montenegro,GC.TAX.INTT.RV.ZS,Taxes on international trade (% of revenue),1988,
MNE,Montenegro,GC.TAX.INTT.RV.ZS,Taxes on international trade (% of revenue),1989,
MNE,Montenegro,GC.TAX.INTT.RV.ZS,Taxes on international trade (% of revenue),1990,
MNE,Montenegro,GC.TAX.INTT.RV.ZS,Taxes on international trade (% of revenue),1991,
MNE,Montenegro,GC.TAX.INTT.RV.ZS,Taxes on international trade (% of revenue),1992,
MNE,Montenegro,GC.TAX.INTT.RV.ZS,Taxes on international trade (% of revenue),1993,
MNE,Montenegro,GC.TAX.INTT.RV.ZS,Taxes on international trade (% of revenue),1994,
MNE,Montenegro,GC.TAX.INTT.RV.ZS,Taxes on international trade (% of revenue),1995,
MNE,Montenegro,GC.TAX.INTT.RV.ZS,Taxes on international trade (% of revenue),1996,
MNE,Montenegro,GC.TAX.INTT.RV.ZS,Taxes on international trade (% of revenue),1997,
MNE,Montenegro,GC.TAX.INTT.RV.ZS,Taxes on international trade (% of revenue),1998,
MNE,Montenegro,GC.TAX.INTT.RV.ZS,Taxes on international trade (% of revenue),1999,
MNE,Montenegro,GC.TAX.INTT.RV.ZS,Taxes on international trade (% of revenue),2000,
MNE,Montenegro,GC.TAX.INTT.RV.ZS,Taxes on international trade (% of revenue),2001,
MNE,Montenegro,GC.TAX.INTT.RV.ZS,Taxes on international trade (% of revenue),2002,
MNE,Montenegro,GC.TAX.INTT.RV.ZS,Taxes on international trade (% of revenue),2003,
MNE,Montenegro,GC.TAX.INTT.RV.ZS,Taxes on international trade (% of revenue),2004,
MNE,Montenegro,GC.TAX.INTT.RV.ZS,Taxes on international trade (% of revenue),2005,
MNE,Montenegro,GC.TAX.INTT.RV.ZS,Taxes on international trade (% of revenue),2006,
MNE,Montenegro,GC.TAX.INTT.RV.ZS,Taxes on international trade (% of revenue),2007,
MNE,Montenegro,GC.TAX.INTT.RV.ZS,Taxes on international trade (% of revenue),2008,
MNE,Montenegro,GC.TAX.INTT.RV.ZS,Taxes on international trade (% of revenue),2009,
MNE,Montenegro,GC.TAX.INTT.RV.ZS,Taxes on international trade (% of revenue),2010,
MNE,Montenegro,GC.TAX.INTT.RV.ZS,Taxes on international trade (% of revenue),2011,
MNE,Montenegro,GC.TAX.INTT.RV.ZS,Taxes on international trade (% of revenue),2012,
MNE,Montenegro,GC.TAX.INTT.RV.ZS,Taxes on international trade (% of revenue),2013,
MNE,Montenegro,GC.TAX.INTT.RV.ZS,Taxes on international trade (% of revenue),2014,
MNE,Montenegro,GC.TAX.INTT.RV.ZS,Taxes on international trade (% of revenue),2015,
MNE,Montenegro,GC.TAX.INTT.RV.ZS,Taxes on international trade (% of revenue),2016,
MNE,Montenegro,GC.TAX.INTT.RV.ZS,Taxes on international trade (% of revenue),2017,
MNE,Montenegro,GC.TAX.INTT.RV.ZS,Taxes on international trade (% of revenue),2018,
MNE,Montenegro,GC.TAX.INTT.RV.ZS,Taxes on international trade (% of revenue),2019,
MNE,Montenegro,GC.TAX.INTT.RV.ZS,Taxes on international trade (% of revenue),2020,
MNE,Montenegro,GC.TAX.INTT.RV.ZS,Taxes on international trade (% of revenue),2021,
MNE,Montenegro,GC.TAX.INTT.CN,Taxes on international trade (current LCU),1960,
MNE,Montenegro,GC.TAX.INTT.CN,Taxes on international trade (current LCU),1961,
MNE,Montenegro,GC.TAX.INTT.CN,Taxes on international trade (current LCU),1962,
MNE,Montenegro,GC.TAX.INTT.CN,Taxes on international trade (current LCU),1963,
MNE,Montenegro,GC.TAX.INTT.CN,Taxes on international trade (current LCU),1964,
MNE,Montenegro,GC.TAX.INTT.CN,Taxes on international trade (current LCU),1965,
MNE,Montenegro,GC.TAX.INTT.CN,Taxes on international trade (current LCU),1966,
MNE,Montenegro,GC.TAX.INTT.CN,Taxes on international trade (current LCU),1967,
MNE,Montenegro,GC.TAX.INTT.CN,Taxes on international trade (current LCU),1968,
MNE,Montenegro,GC.TAX.INTT.CN,Taxes on international trade (current LCU),1969,
MNE,Montenegro,GC.TAX.INTT.CN,Taxes on international trade (current LCU),1970,
MNE,Montenegro,GC.TAX.INTT.CN,Taxes on international trade (current LCU),1971,
MNE,Montenegro,GC.TAX.INTT.CN,Taxes on international trade (current LCU),1972,
MNE,Montenegro,GC.TAX.INTT.CN,Taxes on international trade (current LCU),1973,
MNE,Montenegro,GC.TAX.INTT.CN,Taxes on international trade (current LCU),1974,
MNE,Montenegro,GC.TAX.INTT.CN,Taxes on international trade (current LCU),1975,
MNE,Montenegro,GC.TAX.INTT.CN,Taxes on international trade (current LCU),1976,
MNE,Montenegro,GC.TAX.INTT.CN,Taxes on international trade (current LCU),1977,
MNE,Montenegro,GC.TAX.INTT.CN,Taxes on international trade (current LCU),1978,
MNE,Montenegro,GC.TAX.INTT.CN,Taxes on international trade (current LCU),1979,
MNE,Montenegro,GC.TAX.INTT.CN,Taxes on international trade (current LCU),1980,
MNE,Montenegro,GC.TAX.INTT.CN,Taxes on international trade (current LCU),1981,
MNE,Montenegro,GC.TAX.INTT.CN,Taxes on international trade (current LCU),1982,
MNE,Montenegro,GC.TAX.INTT.CN,Taxes on international trade (current LCU),1983,
MNE,Montenegro,GC.TAX.INTT.CN,Taxes on international trade (current LCU),1984,
MNE,Montenegro,GC.TAX.INTT.CN,Taxes on international trade (current LCU),1985,
MNE,Montenegro,GC.TAX.INTT.CN,Taxes on international trade (current LCU),1986,
MNE,Montenegro,GC.TAX.INTT.CN,Taxes on international trade (current LCU),1987,
MNE,Montenegro,GC.TAX.INTT.CN,Taxes on international trade (current LCU),1988,
MNE,Montenegro,GC.TAX.INTT.CN,Taxes on international trade (current LCU),1989,
MNE,Montenegro,GC.TAX.INTT.CN,Taxes on international trade (current LCU),1990,
MNE,Montenegro,GC.TAX.INTT.CN,Taxes on international trade (current LCU),1991,
MNE,Montenegro,GC.TAX.INTT.CN,Taxes on international trade (current LCU),1992,
MNE,Montenegro,GC.TAX.INTT.CN,Taxes on international trade (current LCU),1993,
MNE,Montenegro,GC.TAX.INTT.CN,Taxes on international trade (current LCU),1994,
MNE,Montenegro,GC.TAX.INTT.CN,Taxes on international trade (current LCU),1995,
MNE,Montenegro,GC.TAX.INTT.CN,Taxes on international trade (current LCU),1996,
MNE,Montenegro,GC.TAX.INTT.CN,Taxes on international trade (current LCU),1997,
MNE,Montenegro,GC.TAX.INTT.CN,Taxes on international trade (current LCU),1998,
MNE,Montenegro,GC.TAX.INTT.CN,Taxes on international trade (current LCU),1999,
MNE,Montenegro,GC.TAX.INTT.CN,Taxes on international trade (current LCU),2000,
MNE,Montenegro,GC.TAX.INTT.CN,Taxes on international trade (current LCU),2001,
MNE,Montenegro,GC.TAX.INTT.CN,Taxes on international trade (current LCU),2002,
MNE,Montenegro,GC.TAX.INTT.CN,Taxes on international trade (current LCU),2003,
MNE,Montenegro,GC.TAX.INTT.CN,Taxes on international trade (current LCU),2004,
MNE,Montenegro,GC.TAX.INTT.CN,Taxes on international trade (current LCU),2005,
MNE,Montenegro,GC.TAX.INTT.CN,Taxes on international trade (current LCU),2006,
MNE,Montenegro,GC.TAX.INTT.CN,Taxes on international trade (current LCU),2007,
MNE,Montenegro,GC.TAX.INTT.CN,Taxes on international trade (current LCU),2008,
MNE,Montenegro,GC.TAX.INTT.CN,Taxes on international trade (current LCU),2009,
MNE,Montenegro,GC.TAX.INTT.CN,Taxes on international trade (current LCU),2010,
MNE,Montenegro,GC.TAX.INTT.CN,Taxes on international trade (current LCU),2011,
MNE,Montenegro,GC.TAX.INTT.CN,Taxes on international trade (current LCU),2012,
MNE,Montenegro,GC.TAX.INTT.CN,Taxes on international trade (current LCU),2013,
MNE,Montenegro,GC.TAX.INTT.CN,Taxes on international trade (current LCU),2014,
MNE,Montenegro,GC.TAX.INTT.CN,Taxes on international trade (current LCU),2015,
MNE,Montenegro,GC.TAX.INTT.CN,Taxes on international trade (current LCU),2016,
MNE,Montenegro,GC.TAX.INTT.CN,Taxes on international trade (current LCU),2017,
MNE,Montenegro,GC.TAX.INTT.CN,Taxes on international trade (current LCU),2018,
MNE,Montenegro,GC.TAX.INTT.CN,Taxes on international trade (current LCU),2019,
MNE,Montenegro,GC.TAX.INTT.CN,Taxes on international trade (current LCU),2020,
MNE,Montenegro,GC.TAX.INTT.CN,Taxes on international trade (current LCU),2021,
MNE,Montenegro,BX.GRT.TECH.CD.WD,"Technical cooperation grants (BoP, current US$)",1960,
MNE,Montenegro,BX.GRT.TECH.CD.WD,"Technical cooperation grants (BoP, current US$)",1961,
MNE,Montenegro,BX.GRT.TECH.CD.WD,"Technical cooperation grants (BoP, current US$)",1962,
MNE,Montenegro,BX.GRT.TECH.CD.WD,"Technical cooperation grants (BoP, current US$)",1963,
MNE,Montenegro,BX.GRT.TECH.CD.WD,"Technical cooperation grants (BoP, current US$)",1964,
MNE,Montenegro,BX.GRT.TECH.CD.WD,"Technical cooperation grants (BoP, current US$)",1965,
MNE,Montenegro,BX.GRT.TECH.CD.WD,"Technical cooperation grants (BoP, current US$)",1966,
MNE,Montenegro,BX.GRT.TECH.CD.WD,"Technical cooperation grants (BoP, current US$)",1967,
MNE,Montenegro,BX.GRT.TECH.CD.WD,"Technical cooperation grants (BoP, current US$)",1968,
MNE,Montenegro,BX.GRT.TECH.CD.WD,"Technical cooperation grants (BoP, current US$)",1969,
MNE,Montenegro,BX.GRT.TECH.CD.WD,"Technical cooperation grants (BoP, current US$)",1970,
MNE,Montenegro,BX.GRT.TECH.CD.WD,"Technical cooperation grants (BoP, current US$)",1971,
MNE,Montenegro,BX.GRT.TECH.CD.WD,"Technical cooperation grants (BoP, current US$)",1972,
MNE,Montenegro,BX.GRT.TECH.CD.WD,"Technical cooperation grants (BoP, current US$)",1973,
MNE,Montenegro,BX.GRT.TECH.CD.WD,"Technical cooperation grants (BoP, current US$)",1974,
MNE,Montenegro,BX.GRT.TECH.CD.WD,"Technical cooperation grants (BoP, current US$)",1975,
MNE,Montenegro,BX.GRT.TECH.CD.WD,"Technical cooperation grants (BoP, current US$)",1976,
MNE,Montenegro,BX.GRT.TECH.CD.WD,"Technical cooperation grants (BoP, current US$)",1977,
MNE,Montenegro,BX.GRT.TECH.CD.WD,"Technical cooperation grants (BoP, current US$)",1978,
MNE,Montenegro,BX.GRT.TECH.CD.WD,"Technical cooperation grants (BoP, current US$)",1979,
MNE,Montenegro,BX.GRT.TECH.CD.WD,"Technical cooperation grants (BoP, current US$)",1980,
MNE,Montenegro,BX.GRT.TECH.CD.WD,"Technical cooperation grants (BoP, current US$)",1981,
MNE,Montenegro,BX.GRT.TECH.CD.WD,"Technical cooperation grants (BoP, current US$)",1982,
MNE,Montenegro,BX.GRT.TECH.CD.WD,"Technical cooperation grants (BoP, current US$)",1983,
MNE,Montenegro,BX.GRT.TECH.CD.WD,"Technical cooperation grants (BoP, current US$)",1984,
MNE,Montenegro,BX.GRT.TECH.CD.WD,"Technical cooperation grants (BoP, current US$)",1985,
MNE,Montenegro,BX.GRT.TECH.CD.WD,"Technical cooperation grants (BoP, current US$)",1986,
MNE,Montenegro,BX.GRT.TECH.CD.WD,"Technical cooperation grants (BoP, current US$)",1987,
MNE,Montenegro,BX.GRT.TECH.CD.WD,"Technical cooperation grants (BoP, current US$)",1988,
MNE,Montenegro,BX.GRT.TECH.CD.WD,"Technical cooperation grants (BoP, current US$)",1989,
MNE,Montenegro,BX.GRT.TECH.CD.WD,"Technical cooperation grants (BoP, current US$)",1990,
MNE,Montenegro,BX.GRT.TECH.CD.WD,"Technical cooperation grants (BoP, current US$)",1991,
MNE,Montenegro,BX.GRT.TECH.CD.WD,"Technical cooperation grants (BoP, current US$)",1992,
MNE,Montenegro,BX.GRT.TECH.CD.WD,"Technical cooperation grants (BoP, current US$)",1993,
MNE,Montenegro,BX.GRT.TECH.CD.WD,"Technical cooperation grants (BoP, current US$)",1994,
MNE,Montenegro,BX.GRT.TECH.CD.WD,"Technical cooperation grants (BoP, current US$)",1995,
MNE,Montenegro,BX.GRT.TECH.CD.WD,"Technical cooperation grants (BoP, current US$)",1996,
MNE,Montenegro,BX.GRT.TECH.CD.WD,"Technical cooperation grants (BoP, current US$)",1997,
MNE,Montenegro,BX.GRT.TECH.CD.WD,"Technical cooperation grants (BoP, current US$)",1998,
MNE,Montenegro,BX.GRT.TECH.CD.WD,"Technical cooperation grants (BoP, current US$)",1999,
MNE,Montenegro,BX.GRT.TECH.CD.WD,"Technical cooperation grants (BoP, current US$)",2000,
MNE,Montenegro,BX.GRT.TECH.CD.WD,"Technical cooperation grants (BoP, current US$)",2001,
MNE,Montenegro,BX.GRT.TECH.CD.WD,"Technical cooperation grants (BoP, current US$)",2002,
MNE,Montenegro,BX.GRT.TECH.CD.WD,"Technical cooperation grants (BoP, current US$)",2003,
MNE,Montenegro,BX.GRT.TECH.CD.WD,"Technical cooperation grants (BoP, current US$)",2004,
MNE,Montenegro,BX.GRT.TECH.CD.WD,"Technical cooperation grants (BoP, current US$)",2005,
MNE,Montenegro,BX.GRT.TECH.CD.WD,"Technical cooperation grants (BoP, current US$)",2006,32260000
MNE,Montenegro,BX.GRT.TECH.CD.WD,"Technical cooperation grants (BoP, current US$)",2007,20890000
MNE,Montenegro,BX.GRT.TECH.CD.WD,"Technical cooperation grants (BoP, current US$)",2008,22050000
MNE,Montenegro,BX.GRT.TECH.CD.WD,"Technical cooperation grants (BoP, current US$)",2009,20180000
MNE,Montenegro,BX.GRT.TECH.CD.WD,"Technical cooperation grants (BoP, current US$)",2010,29930000
MNE,Montenegro,BX.GRT.TECH.CD.WD,"Technical cooperation grants (BoP, current US$)",2011,15180000
MNE,Montenegro,BX.GRT.TECH.CD.WD,"Technical cooperation grants (BoP, current US$)",2012,12720000
MNE,Montenegro,BX.GRT.TECH.CD.WD,"Technical cooperation grants (BoP, current US$)",2013,13440000
MNE,Montenegro,BX.GRT.TECH.CD.WD,"Technical cooperation grants (BoP, current US$)",2014,11640000
MNE,Montenegro,BX.GRT.TECH.CD.WD,"Technical cooperation grants (BoP, current US$)",2015,12960000
MNE,Montenegro,BX.GRT.TECH.CD.WD,"Technical cooperation grants (BoP, current US$)",2016,8890000
MNE,Montenegro,BX.GRT.TECH.CD.WD,"Technical cooperation grants (BoP, current US$)",2017,7630000
MNE,Montenegro,BX.GRT.TECH.CD.WD,"Technical cooperation grants (BoP, current US$)",2018,10160000
MNE,Montenegro,BX.GRT.TECH.CD.WD,"Technical cooperation grants (BoP, current US$)",2019,27210000
MNE,Montenegro,BX.GRT.TECH.CD.WD,"Technical cooperation grants (BoP, current US$)",2020,11380000
MNE,Montenegro,BX.GRT.TECH.CD.WD,"Technical cooperation grants (BoP, current US$)",2021,
MNE,Montenegro,SP.POP.TECH.RD.P6,Technicians in R&D (per million people),1960,
MNE,Montenegro,SP.POP.TECH.RD.P6,Technicians in R&D (per million people),1961,
MNE,Montenegro,SP.POP.TECH.RD.P6,Technicians in R&D (per million people),1962,
MNE,Montenegro,SP.POP.TECH.RD.P6,Technicians in R&D (per million people),1963,
MNE,Montenegro,SP.POP.TECH.RD.P6,Technicians in R&D (per million people),1964,
MNE,Montenegro,SP.POP.TECH.RD.P6,Technicians in R&D (per million people),1965,
MNE,Montenegro,SP.POP.TECH.RD.P6,Technicians in R&D (per million people),1966,
MNE,Montenegro,SP.POP.TECH.RD.P6,Technicians in R&D (per million people),1967,
MNE,Montenegro,SP.POP.TECH.RD.P6,Technicians in R&D (per million people),1968,
MNE,Montenegro,SP.POP.TECH.RD.P6,Technicians in R&D (per million people),1969,
MNE,Montenegro,SP.POP.TECH.RD.P6,Technicians in R&D (per million people),1970,
MNE,Montenegro,SP.POP.TECH.RD.P6,Technicians in R&D (per million people),1971,
MNE,Montenegro,SP.POP.TECH.RD.P6,Technicians in R&D (per million people),1972,
MNE,Montenegro,SP.POP.TECH.RD.P6,Technicians in R&D (per million people),1973,
MNE,Montenegro,SP.POP.TECH.RD.P6,Technicians in R&D (per million people),1974,
MNE,Montenegro,SP.POP.TECH.RD.P6,Technicians in R&D (per million people),1975,
MNE,Montenegro,SP.POP.TECH.RD.P6,Technicians in R&D (per million people),1976,
MNE,Montenegro,SP.POP.TECH.RD.P6,Technicians in R&D (per million people),1977,
MNE,Montenegro,SP.POP.TECH.RD.P6,Technicians in R&D (per million people),1978,
MNE,Montenegro,SP.POP.TECH.RD.P6,Technicians in R&D (per million people),1979,
MNE,Montenegro,SP.POP.TECH.RD.P6,Technicians in R&D (per million people),1980,
MNE,Montenegro,SP.POP.TECH.RD.P6,Technicians in R&D (per million people),1981,
MNE,Montenegro,SP.POP.TECH.RD.P6,Technicians in R&D (per million people),1982,
MNE,Montenegro,SP.POP.TECH.RD.P6,Technicians in R&D (per million people),1983,
MNE,Montenegro,SP.POP.TECH.RD.P6,Technicians in R&D (per million people),1984,
MNE,Montenegro,SP.POP.TECH.RD.P6,Technicians in R&D (per million people),1985,
MNE,Montenegro,SP.POP.TECH.RD.P6,Technicians in R&D (per million people),1986,
MNE,Montenegro,SP.POP.TECH.RD.P6,Technicians in R&D (per million people),1987,
MNE,Montenegro,SP.POP.TECH.RD.P6,Technicians in R&D (per million people),1988,
MNE,Montenegro,SP.POP.TECH.RD.P6,Technicians in R&D (per million people),1989,
MNE,Montenegro,SP.POP.TECH.RD.P6,Technicians in R&D (per million people),1990,
MNE,Montenegro,SP.POP.TECH.RD.P6,Technicians in R&D (per million people),1991,
MNE,Montenegro,SP.POP.TECH.RD.P6,Technicians in R&D (per million people),1992,
MNE,Montenegro,SP.POP.TECH.RD.P6,Technicians in R&D (per million people),1993,
MNE,Montenegro,SP.POP.TECH.RD.P6,Technicians in R&D (per million people),1994,
MNE,Montenegro,SP.POP.TECH.RD.P6,Technicians in R&D (per million people),1995,
MNE,Montenegro,SP.POP.TECH.RD.P6,Technicians in R&D (per million people),1996,
MNE,Montenegro,SP.POP.TECH.RD.P6,Technicians in R&D (per million people),1997,
MNE,Montenegro,SP.POP.TECH.RD.P6,Technicians in R&D (per million people),1998,
MNE,Montenegro,SP.POP.TECH.RD.P6,Technicians in R&D (per million people),1999,
MNE,Montenegro,SP.POP.TECH.RD.P6,Technicians in R&D (per million people),2000,
MNE,Montenegro,SP.POP.TECH.RD.P6,Technicians in R&D (per million people),2001,
MNE,Montenegro,SP.POP.TECH.RD.P6,Technicians in R&D (per million people),2002,
MNE,Montenegro,SP.POP.TECH.RD.P6,Technicians in R&D (per million people),2003,
MNE,Montenegro,SP.POP.TECH.RD.P6,Technicians in R&D (per million people),2004,
MNE,Montenegro,SP.POP.TECH.RD.P6,Technicians in R&D (per million people),2005,
MNE,Montenegro,SP.POP.TECH.RD.P6,Technicians in R&D (per million people),2006,
MNE,Montenegro,SP.POP.TECH.RD.P6,Technicians in R&D (per million people),2007,
MNE,Montenegro,SP.POP.TECH.RD.P6,Technicians in R&D (per million people),2008,
MNE,Montenegro,SP.POP.TECH.RD.P6,Technicians in R&D (per million people),2009,
MNE,Montenegro,SP.POP.TECH.RD.P6,Technicians in R&D (per million people),2010,
MNE,Montenegro,SP.POP.TECH.RD.P6,Technicians in R&D (per million people),2011,103.31537
MNE,Montenegro,SP.POP.TECH.RD.P6,Technicians in R&D (per million people),2012,
MNE,Montenegro,SP.POP.TECH.RD.P6,Technicians in R&D (per million people),2013,102.18011
MNE,Montenegro,SP.POP.TECH.RD.P6,Technicians in R&D (per million people),2014,202.66658
MNE,Montenegro,SP.POP.TECH.RD.P6,Technicians in R&D (per million people),2015,129.38707
MNE,Montenegro,SP.POP.TECH.RD.P6,Technicians in R&D (per million people),2016,175.36476
MNE,Montenegro,SP.POP.TECH.RD.P6,Technicians in R&D (per million people),2017,156.15962
MNE,Montenegro,SP.POP.TECH.RD.P6,Technicians in R&D (per million people),2018,
MNE,Montenegro,SP.POP.TECH.RD.P6,Technicians in R&D (per million people),2019,
MNE,Montenegro,SP.POP.TECH.RD.P6,Technicians in R&D (per million people),2020,
MNE,Montenegro,SP.POP.TECH.RD.P6,Technicians in R&D (per million people),2021,
MNE,Montenegro,SP.MTR.1519.ZS,Teenage mothers (% of women ages 15-19 who have had children or are currently pregnant),1960,
MNE,Montenegro,SP.MTR.1519.ZS,Teenage mothers (% of women ages 15-19 who have had children or are currently pregnant),1961,
MNE,Montenegro,SP.MTR.1519.ZS,Teenage mothers (% of women ages 15-19 who have had children or are currently pregnant),1962,
MNE,Montenegro,SP.MTR.1519.ZS,Teenage mothers (% of women ages 15-19 who have had children or are currently pregnant),1963,
MNE,Montenegro,SP.MTR.1519.ZS,Teenage mothers (% of women ages 15-19 who have had children or are currently pregnant),1964,
MNE,Montenegro,SP.MTR.1519.ZS,Teenage mothers (% of women ages 15-19 who have had children or are currently pregnant),1965,
MNE,Montenegro,SP.MTR.1519.ZS,Teenage mothers (% of women ages 15-19 who have had children or are currently pregnant),1966,
MNE,Montenegro,SP.MTR.1519.ZS,Teenage mothers (% of women ages 15-19 who have had children or are currently pregnant),1967,
MNE,Montenegro,SP.MTR.1519.ZS,Teenage mothers (% of women ages 15-19 who have had children or are currently pregnant),1968,
MNE,Montenegro,SP.MTR.1519.ZS,Teenage mothers (% of women ages 15-19 who have had children or are currently pregnant),1969,
MNE,Montenegro,SP.MTR.1519.ZS,Teenage mothers (% of women ages 15-19 who have had children or are currently pregnant),1970,
MNE,Montenegro,SP.MTR.1519.ZS,Teenage mothers (% of women ages 15-19 who have had children or are currently pregnant),1971,
MNE,Montenegro,SP.MTR.1519.ZS,Teenage mothers (% of women ages 15-19 who have had children or are currently pregnant),1972,
MNE,Montenegro,SP.MTR.1519.ZS,Teenage mothers (% of women ages 15-19 who have had children or are currently pregnant),1973,
MNE,Montenegro,SP.MTR.1519.ZS,Teenage mothers (% of women ages 15-19 who have had children or are currently pregnant),1974,
MNE,Montenegro,SP.MTR.1519.ZS,Teenage mothers (% of women ages 15-19 who have had children or are currently pregnant),1975,
MNE,Montenegro,SP.MTR.1519.ZS,Teenage mothers (% of women ages 15-19 who have had children or are currently pregnant),1976,
MNE,Montenegro,SP.MTR.1519.ZS,Teenage mothers (% of women ages 15-19 who have had children or are currently pregnant),1977,
MNE,Montenegro,SP.MTR.1519.ZS,Teenage mothers (% of women ages 15-19 who have had children or are currently pregnant),1978,
MNE,Montenegro,SP.MTR.1519.ZS,Teenage mothers (% of women ages 15-19 who have had children or are currently pregnant),1979,
MNE,Montenegro,SP.MTR.1519.ZS,Teenage mothers (% of women ages 15-19 who have had children or are currently pregnant),1980,
MNE,Montenegro,SP.MTR.1519.ZS,Teenage mothers (% of women ages 15-19 who have had children or are currently pregnant),1981,
MNE,Montenegro,SP.MTR.1519.ZS,Teenage mothers (% of women ages 15-19 who have had children or are currently pregnant),1982,
MNE,Montenegro,SP.MTR.1519.ZS,Teenage mothers (% of women ages 15-19 who have had children or are currently pregnant),1983,
MNE,Montenegro,SP.MTR.1519.ZS,Teenage mothers (% of women ages 15-19 who have had children or are currently pregnant),1984,
MNE,Montenegro,SP.MTR.1519.ZS,Teenage mothers (% of women ages 15-19 who have had children or are currently pregnant),1985,
MNE,Montenegro,SP.MTR.1519.ZS,Teenage mothers (% of women ages 15-19 who have had children or are currently pregnant),1986,
MNE,Montenegro,SP.MTR.1519.ZS,Teenage mothers (% of women ages 15-19 who have had children or are currently pregnant),1987,
MNE,Montenegro,SP.MTR.1519.ZS,Teenage mothers (% of women ages 15-19 who have had children or are currently pregnant),1988,
MNE,Montenegro,SP.MTR.1519.ZS,Teenage mothers (% of women ages 15-19 who have had children or are currently pregnant),1989,
MNE,Montenegro,SP.MTR.1519.ZS,Teenage mothers (% of women ages 15-19 who have had children or are currently pregnant),1990,
MNE,Montenegro,SP.MTR.1519.ZS,Teenage mothers (% of women ages 15-19 who have had children or are currently pregnant),1991,
MNE,Montenegro,SP.MTR.1519.ZS,Teenage mothers (% of women ages 15-19 who have had children or are currently pregnant),1992,
MNE,Montenegro,SP.MTR.1519.ZS,Teenage mothers (% of women ages 15-19 who have had children or are currently pregnant),1993,
MNE,Montenegro,SP.MTR.1519.ZS,Teenage mothers (% of women ages 15-19 who have had children or are currently pregnant),1994,
MNE,Montenegro,SP.MTR.1519.ZS,Teenage mothers (% of women ages 15-19 who have had children or are currently pregnant),1995,
MNE,Montenegro,SP.MTR.1519.ZS,Teenage mothers (% of women ages 15-19 who have had children or are currently pregnant),1996,
MNE,Montenegro,SP.MTR.1519.ZS,Teenage mothers (% of women ages 15-19 who have had children or are currently pregnant),1997,
MNE,Montenegro,SP.MTR.1519.ZS,Teenage mothers (% of women ages 15-19 who have had children or are currently pregnant),1998,
MNE,Montenegro,SP.MTR.1519.ZS,Teenage mothers (% of women ages 15-19 who have had children or are currently pregnant),1999,
MOZ,Mozambique,NY.GDP.MKTP.PP.KD,"GDP, PPP (constant 2017 international $)",1960,
MOZ,Mozambique,NY.GDP.MKTP.PP.KD,"GDP, PPP (constant 2017 international $)",1961,
MOZ,Mozambique,NY.GDP.MKTP.PP.KD,"GDP, PPP (constant 2017 international $)",1962,
MOZ,Mozambique,NY.GDP.MKTP.PP.KD,"GDP, PPP (constant 2017 international $)",1963,
MOZ,Mozambique,NY.GDP.MKTP.PP.KD,"GDP, PPP (constant 2017 international $)",1964,
MOZ,Mozambique,NY.GDP.MKTP.PP.KD,"GDP, PPP (constant 2017 international $)",1965,
MOZ,Mozambique,NY.GDP.MKTP.PP.KD,"GDP, PPP (constant 2017 international $)",1966,
MOZ,Mozambique,NY.GDP.MKTP.PP.KD,"GDP, PPP (constant 2017 international $)",1967,
MOZ,Mozambique,NY.GDP.MKTP.PP.KD,"GDP, PPP (constant 2017 international $)",1968,
MOZ,Mozambique,NY.GDP.MKTP.PP.KD,"GDP, PPP (constant 2017 international $)",1969,
MOZ,Mozambique,NY.GDP.MKTP.PP.KD,"GDP, PPP (constant 2017 international $)",1970,
MOZ,Mozambique,NY.GDP.MKTP.PP.KD,"GDP, PPP (constant 2017 international $)",1971,
MOZ,Mozambique,NY.GDP.MKTP.PP.KD,"GDP, PPP (constant 2017 international $)",1972,
MOZ,Mozambique,NY.GDP.MKTP.PP.KD,"GDP, PPP (constant 2017 international $)",1973,
MOZ,Mozambique,NY.GDP.MKTP.PP.KD,"GDP, PPP (constant 2017 international $)",1974,
MOZ,Mozambique,NY.GDP.MKTP.PP.KD,"GDP, PPP (constant 2017 international $)",1975,
MOZ,Mozambique,NY.GDP.MKTP.PP.KD,"GDP, PPP (constant 2017 international $)",1976,
MOZ,Mozambique,NY.GDP.MKTP.PP.KD,"GDP, PPP (constant 2017 international $)",1977,
MOZ,Mozambique,NY.GDP.MKTP.PP.KD,"GDP, PPP (constant 2017 international $)",1978,
MOZ,Mozambique,NY.GDP.MKTP.PP.KD,"GDP, PPP (constant 2017 international $)",1979,
MOZ,Mozambique,NY.GDP.MKTP.PP.KD,"GDP, PPP (constant 2017 international $)",1980,
MOZ,Mozambique,NY.GDP.MKTP.PP.KD,"GDP, PPP (constant 2017 international $)",1981,
MOZ,Mozambique,NY.GDP.MKTP.PP.KD,"GDP, PPP (constant 2017 international $)",1982,
MOZ,Mozambique,NY.GDP.MKTP.PP.KD,"GDP, PPP (constant 2017 international $)",1983,
MOZ,Mozambique,NY.GDP.MKTP.PP.KD,"GDP, PPP (constant 2017 international $)",1984,
MOZ,Mozambique,NY.GDP.MKTP.PP.KD,"GDP, PPP (constant 2017 international $)",1985,
MOZ,Mozambique,NY.GDP.MKTP.PP.KD,"GDP, PPP (constant 2017 international $)",1986,
MOZ,Mozambique,NY.GDP.MKTP.PP.KD,"GDP, PPP (constant 2017 international $)",1987,
MOZ,Mozambique,NY.GDP.MKTP.PP.KD,"GDP, PPP (constant 2017 international $)",1988,
MOZ,Mozambique,NY.GDP.MKTP.PP.KD,"GDP, PPP (constant 2017 international $)",1989,
MOZ,Mozambique,NY.GDP.MKTP.PP.KD,"GDP, PPP (constant 2017 international $)",1990,6121236734
MOZ,Mozambique,NY.GDP.MKTP.PP.KD,"GDP, PPP (constant 2017 international $)",1991,6422735265
MOZ,Mozambique,NY.GDP.MKTP.PP.KD,"GDP, PPP (constant 2017 international $)",1992,6029361006
MOZ,Mozambique,NY.GDP.MKTP.PP.KD,"GDP, PPP (constant 2017 international $)",1993,6668384621
MOZ,Mozambique,NY.GDP.MKTP.PP.KD,"GDP, PPP (constant 2017 international $)",1994,7104056626
MOZ,Mozambique,NY.GDP.MKTP.PP.KD,"GDP, PPP (constant 2017 international $)",1995,7264591055
MOZ,Mozambique,NY.GDP.MKTP.PP.KD,"GDP, PPP (constant 2017 international $)",1996,8078408293
MOZ,Mozambique,NY.GDP.MKTP.PP.KD,"GDP, PPP (constant 2017 international $)",1997,8991354759
MOZ,Mozambique,NY.GDP.MKTP.PP.KD,"GDP, PPP (constant 2017 international $)",1998,9884308854
MOZ,Mozambique,NY.GDP.MKTP.PP.KD,"GDP, PPP (constant 2017 international $)",1999,11040627070
MOZ,Mozambique,NY.GDP.MKTP.PP.KD,"GDP, PPP (constant 2017 international $)",2000,11170939678
MOZ,Mozambique,NY.GDP.MKTP.PP.KD,"GDP, PPP (constant 2017 international $)",2001,12521157126
MOZ,Mozambique,NY.GDP.MKTP.PP.KD,"GDP, PPP (constant 2017 international $)",2002,13684504332
MOZ,Mozambique,NY.GDP.MKTP.PP.KD,"GDP, PPP (constant 2017 international $)",2003,14625797461
MOZ,Mozambique,NY.GDP.MKTP.PP.KD,"GDP, PPP (constant 2017 international $)",2004,15783635237
MOZ,Mozambique,NY.GDP.MKTP.PP.KD,"GDP, PPP (constant 2017 international $)",2005,16832601158
MOZ,Mozambique,NY.GDP.MKTP.PP.KD,"GDP, PPP (constant 2017 international $)",2006,18464416484
MOZ,Mozambique,NY.GDP.MKTP.PP.KD,"GDP, PPP (constant 2017 international $)",2007,19891669023
MOZ,Mozambique,NY.GDP.MKTP.PP.KD,"GDP, PPP (constant 2017 international $)",2008,21347292692
MOZ,Mozambique,NY.GDP.MKTP.PP.KD,"GDP, PPP (constant 2017 international $)",2009,22696056748
MOZ,Mozambique,NY.GDP.MKTP.PP.KD,"GDP, PPP (constant 2017 international $)",2010,24171834501
MOZ,Mozambique,NY.GDP.MKTP.PP.KD,"GDP, PPP (constant 2017 international $)",2011,25964752362
MOZ,Mozambique,NY.GDP.MKTP.PP.KD,"GDP, PPP (constant 2017 international $)",2012,27849388139
MOZ,Mozambique,NY.GDP.MKTP.PP.KD,"GDP, PPP (constant 2017 international $)",2013,29788710119
MOZ,Mozambique,NY.GDP.MKTP.PP.KD,"GDP, PPP (constant 2017 international $)",2014,31992631649
MOZ,Mozambique,NY.GDP.MKTP.PP.KD,"GDP, PPP (constant 2017 international $)",2015,34143585464
MOZ,Mozambique,NY.GDP.MKTP.PP.KD,"GDP, PPP (constant 2017 international $)",2016,35449309349
MOZ,Mozambique,NY.GDP.MKTP.PP.KD,"GDP, PPP (constant 2017 international $)",2017,36775580596
MOZ,Mozambique,NY.GDP.MKTP.PP.KD,"GDP, PPP (constant 2017 international $)",2018,38042063130
MOZ,Mozambique,NY.GDP.MKTP.PP.KD,"GDP, PPP (constant 2017 international $)",2019,38922587010
MOZ,Mozambique,NY.GDP.MKTP.PP.KD,"GDP, PPP (constant 2017 international $)",2020,38442318986
MOZ,Mozambique,NY.GDP.MKTP.PP.KD,"GDP, PPP (constant 2017 international $)",2021,39297591106
MOZ,Mozambique,NY.GDP.MKTP.PP.CD,"GDP, PPP (current international $)",1960,
MOZ,Mozambique,NY.GDP.MKTP.PP.CD,"GDP, PPP (current international $)",1961,
MOZ,Mozambique,NY.GDP.MKTP.PP.CD,"GDP, PPP (current international $)",1962,
MOZ,Mozambique,NY.GDP.MKTP.PP.CD,"GDP, PPP (current international $)",1963,
MOZ,Mozambique,NY.GDP.MKTP.PP.CD,"GDP, PPP (current international $)",1964,
MOZ,Mozambique,NY.GDP.MKTP.PP.CD,"GDP, PPP (current international $)",1965,
MOZ,Mozambique,NY.GDP.MKTP.PP.CD,"GDP, PPP (current international $)",1966,
MOZ,Mozambique,NY.GDP.MKTP.PP.CD,"GDP, PPP (current international $)",1967,
MOZ,Mozambique,NY.GDP.MKTP.PP.CD,"GDP, PPP (current international $)",1968,
MOZ,Mozambique,NY.GDP.MKTP.PP.CD,"GDP, PPP (current international $)",1969,
MOZ,Mozambique,NY.GDP.MKTP.PP.CD,"GDP, PPP (current international $)",1970,
MOZ,Mozambique,NY.GDP.MKTP.PP.CD,"GDP, PPP (current international $)",1971,
MOZ,Mozambique,NY.GDP.MKTP.PP.CD,"GDP, PPP (current international $)",1972,
MOZ,Mozambique,NY.GDP.MKTP.PP.CD,"GDP, PPP (current international $)",1973,
MOZ,Mozambique,NY.GDP.MKTP.PP.CD,"GDP, PPP (current international $)",1974,
MOZ,Mozambique,NY.GDP.MKTP.PP.CD,"GDP, PPP (current international $)",1975,
MOZ,Mozambique,NY.GDP.MKTP.PP.CD,"GDP, PPP (current international $)",1976,
MOZ,Mozambique,NY.GDP.MKTP.PP.CD,"GDP, PPP (current international $)",1977,
MOZ,Mozambique,NY.GDP.MKTP.PP.CD,"GDP, PPP (current international $)",1978,
MOZ,Mozambique,NY.GDP.MKTP.PP.CD,"GDP, PPP (current international $)",1979,
MOZ,Mozambique,NY.GDP.MKTP.PP.CD,"GDP, PPP (current international $)",1980,
MOZ,Mozambique,NY.GDP.MKTP.PP.CD,"GDP, PPP (current international $)",1981,
MOZ,Mozambique,NY.GDP.MKTP.PP.CD,"GDP, PPP (current international $)",1982,
MOZ,Mozambique,NY.GDP.MKTP.PP.CD,"GDP, PPP (current international $)",1983,
MOZ,Mozambique,NY.GDP.MKTP.PP.CD,"GDP, PPP (current international $)",1984,
MOZ,Mozambique,NY.GDP.MKTP.PP.CD,"GDP, PPP (current international $)",1985,
MOZ,Mozambique,NY.GDP.MKTP.PP.CD,"GDP, PPP (current international $)",1986,
MOZ,Mozambique,NY.GDP.MKTP.PP.CD,"GDP, PPP (current international $)",1987,
MOZ,Mozambique,NY.GDP.MKTP.PP.CD,"GDP, PPP (current international $)",1988,
MOZ,Mozambique,NY.GDP.MKTP.PP.CD,"GDP, PPP (current international $)",1989,
MOZ,Mozambique,NY.GDP.MKTP.PP.CD,"GDP, PPP (current international $)",1990,3781513828
MOZ,Mozambique,NY.GDP.MKTP.PP.CD,"GDP, PPP (current international $)",1991,4101950983
MOZ,Mozambique,NY.GDP.MKTP.PP.CD,"GDP, PPP (current international $)",1992,3938472571
MOZ,Mozambique,NY.GDP.MKTP.PP.CD,"GDP, PPP (current international $)",1993,4459142206
MOZ,Mozambique,NY.GDP.MKTP.PP.CD,"GDP, PPP (current international $)",1994,4851918428
MOZ,Mozambique,NY.GDP.MKTP.PP.CD,"GDP, PPP (current international $)",1995,5065598991
MOZ,Mozambique,NY.GDP.MKTP.PP.CD,"GDP, PPP (current international $)",1996,5736213481
MOZ,Mozambique,NY.GDP.MKTP.PP.CD,"GDP, PPP (current international $)",1997,6494562651
MOZ,Mozambique,NY.GDP.MKTP.PP.CD,"GDP, PPP (current international $)",1998,7219912075
MOZ,Mozambique,NY.GDP.MKTP.PP.CD,"GDP, PPP (current international $)",1999,8178183273
MOZ,Mozambique,NY.GDP.MKTP.PP.CD,"GDP, PPP (current international $)",2000,8462177944
MOZ,Mozambique,NY.GDP.MKTP.PP.CD,"GDP, PPP (current international $)",2001,9698683087
MOZ,Mozambique,NY.GDP.MKTP.PP.CD,"GDP, PPP (current international $)",2002,10764993862
MOZ,Mozambique,NY.GDP.MKTP.PP.CD,"GDP, PPP (current international $)",2003,11732539331
MOZ,Mozambique,NY.GDP.MKTP.PP.CD,"GDP, PPP (current international $)",2004,13001216889
MOZ,Mozambique,NY.GDP.MKTP.PP.CD,"GDP, PPP (current international $)",2005,14300056182
MOZ,Mozambique,NY.GDP.MKTP.PP.CD,"GDP, PPP (current international $)",2006,16170372681
MOZ,Mozambique,NY.GDP.MKTP.PP.CD,"GDP, PPP (current international $)",2007,17891089731
MOZ,Mozambique,NY.GDP.MKTP.PP.CD,"GDP, PPP (current international $)",2008,19568565093
MOZ,Mozambique,NY.GDP.MKTP.PP.CD,"GDP, PPP (current international $)",2009,20938295915
MOZ,Mozambique,NY.GDP.MKTP.PP.CD,"GDP, PPP (current international $)",2010,22567774715
MOZ,Mozambique,NY.GDP.MKTP.PP.CD,"GDP, PPP (current international $)",2011,24745386724
MOZ,Mozambique,NY.GDP.MKTP.PP.CD,"GDP, PPP (current international $)",2012,25745855747
MOZ,Mozambique,NY.GDP.MKTP.PP.CD,"GDP, PPP (current international $)",2013,27733011810
MOZ,Mozambique,NY.GDP.MKTP.PP.CD,"GDP, PPP (current international $)",2014,29941333846
MOZ,Mozambique,NY.GDP.MKTP.PP.CD,"GDP, PPP (current international $)",2015,34918471458
MOZ,Mozambique,NY.GDP.MKTP.PP.CD,"GDP, PPP (current international $)",2016,37950978490
MOZ,Mozambique,NY.GDP.MKTP.PP.CD,"GDP, PPP (current international $)",2017,36775580596
MOZ,Mozambique,NY.GDP.MKTP.PP.CD,"GDP, PPP (current international $)",2018,38950892162
MOZ,Mozambique,NY.GDP.MKTP.PP.CD,"GDP, PPP (current international $)",2019,40565298839
MOZ,Mozambique,NY.GDP.MKTP.PP.CD,"GDP, PPP (current international $)",2020,40547635700
MOZ,Mozambique,NY.GDP.MKTP.PP.CD,"GDP, PPP (current international $)",2021,43172137567
MOZ,Mozambique,NY.GDP.MKTP.CN.AD,GDP: linked series (current LCU),1960,
MOZ,Mozambique,NY.GDP.MKTP.CN.AD,GDP: linked series (current LCU),1961,
MOZ,Mozambique,NY.GDP.MKTP.CN.AD,GDP: linked series (current LCU),1962,
MOZ,Mozambique,NY.GDP.MKTP.CN.AD,GDP: linked series (current LCU),1963,
MOZ,Mozambique,NY.GDP.MKTP.CN.AD,GDP: linked series (current LCU),1964,
MOZ,Mozambique,NY.GDP.MKTP.CN.AD,GDP: linked series (current LCU),1965,
MOZ,Mozambique,NY.GDP.MKTP.CN.AD,GDP: linked series (current LCU),1966,
MOZ,Mozambique,NY.GDP.MKTP.CN.AD,GDP: linked series (current LCU),1967,
MOZ,Mozambique,NY.GDP.MKTP.CN.AD,GDP: linked series (current LCU),1968,
MOZ,Mozambique,NY.GDP.MKTP.CN.AD,GDP: linked series (current LCU),1969,
MOZ,Mozambique,NY.GDP.MKTP.CN.AD,GDP: linked series (current LCU),1970,
MOZ,Mozambique,NY.GDP.MKTP.CN.AD,GDP: linked series (current LCU),1971,
MOZ,Mozambique,NY.GDP.MKTP.CN.AD,GDP: linked series (current LCU),1972,
MOZ,Mozambique,NY.GDP.MKTP.CN.AD,GDP: linked series (current LCU),1973,
MOZ,Mozambique,NY.GDP.MKTP.CN.AD,GDP: linked series (current LCU),1974,
MOZ,Mozambique,NY.GDP.MKTP.CN.AD,GDP: linked series (current LCU),1975,
MOZ,Mozambique,NY.GDP.MKTP.CN.AD,GDP: linked series (current LCU),1976,
MOZ,Mozambique,NY.GDP.MKTP.CN.AD,GDP: linked series (current LCU),1977,
MOZ,Mozambique,NY.GDP.MKTP.CN.AD,GDP: linked series (current LCU),1978,
MOZ,Mozambique,NY.GDP.MKTP.CN.AD,GDP: linked series (current LCU),1979,
MOZ,Mozambique,NY.GDP.MKTP.CN.AD,GDP: linked series (current LCU),1980,
MOZ,Mozambique,NY.GDP.MKTP.CN.AD,GDP: linked series (current LCU),1981,
MOZ,Mozambique,NY.GDP.MKTP.CN.AD,GDP: linked series (current LCU),1982,
MOZ,Mozambique,NY.GDP.MKTP.CN.AD,GDP: linked series (current LCU),1983,
MOZ,Mozambique,NY.GDP.MKTP.CN.AD,GDP: linked series (current LCU),1984,
MOZ,Mozambique,NY.GDP.MKTP.CN.AD,GDP: linked series (current LCU),1985,
MOZ,Mozambique,NY.GDP.MKTP.CN.AD,GDP: linked series (current LCU),1986,
MOZ,Mozambique,NY.GDP.MKTP.CN.AD,GDP: linked series (current LCU),1987,
MOZ,Mozambique,NY.GDP.MKTP.CN.AD,GDP: linked series (current LCU),1988,
MOZ,Mozambique,NY.GDP.MKTP.CN.AD,GDP: linked series (current LCU),1989,
MOZ,Mozambique,NY.GDP.MKTP.CN.AD,GDP: linked series (current LCU),1990,3084228532
MOZ,Mozambique,NY.GDP.MKTP.CN.AD,GDP: linked series (current LCU),1991,5212121000
MOZ,Mozambique,NY.GDP.MKTP.CN.AD,GDP: linked series (current LCU),1992,6643706300
MOZ,Mozambique,NY.GDP.MKTP.CN.AD,GDP: linked series (current LCU),1993,10574824900
MOZ,Mozambique,NY.GDP.MKTP.CN.AD,GDP: linked series (current LCU),1994,16887246700
MOZ,Mozambique,NY.GDP.MKTP.CN.AD,GDP: linked series (current LCU),1995,26169773700
MOZ,Mozambique,NY.GDP.MKTP.CN.AD,GDP: linked series (current LCU),1996,43557540400
MOZ,Mozambique,NY.GDP.MKTP.CN.AD,GDP: linked series (current LCU),1997,53664259200
MOZ,Mozambique,NY.GDP.MKTP.CN.AD,GDP: linked series (current LCU),1998,62506440000
MOZ,Mozambique,NY.GDP.MKTP.CN.AD,GDP: linked series (current LCU),1999,76349210400
MOZ,Mozambique,NY.GDP.MKTP.CN.AD,GDP: linked series (current LCU),2000,86132255600
MOZ,Mozambique,NY.GDP.MKTP.CN.AD,GDP: linked series (current LCU),2001,1.12E+11
MOZ,Mozambique,NY.GDP.MKTP.CN.AD,GDP: linked series (current LCU),2002,1.34E+11
MOZ,Mozambique,NY.GDP.MKTP.CN.AD,GDP: linked series (current LCU),2003,1.50E+11
MOZ,Mozambique,NY.GDP.MKTP.CN.AD,GDP: linked series (current LCU),2004,1.72E+11
MOZ,Mozambique,NY.GDP.MKTP.CN.AD,GDP: linked series (current LCU),2005,1.97E+11
MOZ,Mozambique,NY.GDP.MKTP.CN.AD,GDP: linked series (current LCU),2006,2.33E+11
MOZ,Mozambique,NY.GDP.MKTP.CN.AD,GDP: linked series (current LCU),2007,2.70E+11
MOZ,Mozambique,NY.GDP.MKTP.CN.AD,GDP: linked series (current LCU),2008,3.05E+11
MOZ,Mozambique,NY.GDP.MKTP.CN.AD,GDP: linked series (current LCU),2009,3.28E+11
MOZ,Mozambique,NY.GDP.MKTP.CN.AD,GDP: linked series (current LCU),2010,3.77E+11
MOZ,Mozambique,NY.GDP.MKTP.CN.AD,GDP: linked series (current LCU),2011,4.18E+11
MOZ,Mozambique,NY.GDP.MKTP.CN.AD,GDP: linked series (current LCU),2012,4.64E+11
MOZ,Mozambique,NY.GDP.MKTP.CN.AD,GDP: linked series (current LCU),2013,5.11E+11
MOZ,Mozambique,NY.GDP.MKTP.CN.AD,GDP: linked series (current LCU),2014,5.55E+11
MOZ,Mozambique,NY.GDP.MKTP.CN.AD,GDP: linked series (current LCU),2015,6.38E+11
MOZ,Mozambique,NY.GDP.MKTP.CN.AD,GDP: linked series (current LCU),2016,7.53E+11
MOZ,Mozambique,NY.GDP.MKTP.CN.AD,GDP: linked series (current LCU),2017,8.41E+11
MOZ,Mozambique,NY.GDP.MKTP.CN.AD,GDP: linked series (current LCU),2018,8.96E+11
MOZ,Mozambique,NY.GDP.MKTP.CN.AD,GDP: linked series (current LCU),2019,9.63E+11
MOZ,Mozambique,NY.GDP.MKTP.CN.AD,GDP: linked series (current LCU),2020,9.75E+11
MOZ,Mozambique,NY.GDP.MKTP.CN.AD,GDP: linked series (current LCU),2021,1.05E+12
MOZ,Mozambique,NE.CON.GOVT.ZS,General government final consumption expenditure (% of GDP),1960,
MOZ,Mozambique,NE.CON.GOVT.ZS,General government final consumption expenditure (% of GDP),1961,
MOZ,Mozambique,NE.CON.GOVT.ZS,General government final consumption expenditure (% of GDP),1962,
MOZ,Mozambique,NE.CON.GOVT.ZS,General government final consumption expenditure (% of GDP),1963,
MOZ,Mozambique,NE.CON.GOVT.ZS,General government final consumption expenditure (% of GDP),1964,
MOZ,Mozambique,NE.CON.GOVT.ZS,General government final consumption expenditure (% of GDP),1965,